UnitCode,Month,Visitors
HOBE,0,96
HOBE,1,1961
HOBE,2,6644
HOBE,3,3756
HOBE,4,6528
HOBE,5,5381
HOBE,6,8193
HOBE,7,3853
HOBE,8,2387
HOBE,9,2348
HOBE,10,2122
HOBE,11,2103
LIRI,0,25235
LIRI,1,39220
LIRI,2,54924
LIRI,3,57552
LIRI,4,81555
LIRI,5,75544
LIRI,6,80614
LIRI,7,58004
LIRI,8,55090
LIRI,9,41284
LIRI,10,38498
LIRI,11,42466
NATR,0,485642
NATR,1,472579
NATR,2,550701
NATR,3,560343
NATR,4,540971
NATR,5,562198
NATR,6,578598
NATR,7,536957
NATR,8,562171
NATR,9,518106
NATR,10,469752
NATR,11,458023
RUCA,0,194
RUCA,1,1088
RUCA,2,1739
RUCA,3,1530
RUCA,4,2234
RUCA,5,1777
RUCA,6,1705
RUCA,7,1085
RUCA,8,1240
RUCA,9,2021
RUCA,10,1315
RUCA,11,714
TUAI,0,126
TUAI,1,2391
TUAI,2,3801
TUAI,3,3351
TUAI,4,3181
TUAI,5,3195
TUAI,6,3610
TUAI,7,1814
TUAI,8,2073
TUAI,9,2171
TUAI,10,3217
TUAI,11,1167
TUIN,0,423
TUIN,1,3380
TUIN,2,6654
TUIN,3,7149
TUIN,4,1774
TUIN,5,3009
TUIN,6,3918
TUIN,7,1256
TUIN,8,1546
TUIN,9,3849
TUIN,10,2576
TUIN,11,861
ANIA,0,0
ANIA,1,0
ANIA,2,0
ANIA,3,0
ANIA,4,0
ANIA,5,20
ANIA,6,35
ANIA,7,35
ANIA,8,10
ANIA,9,0
ANIA,10,0
ANIA,11,0
BELA,0,260
BELA,1,127
BELA,2,292
BELA,3,216
BELA,4,172
BELA,5,148
BELA,6,438
BELA,7,156
BELA,8,61
BELA,9,422
BELA,10,182
BELA,11,168
CAKR,0,1098
CAKR,1,835
CAKR,2,634
CAKR,3,708
CAKR,4,778
CAKR,5,1398
CAKR,6,1700
CAKR,7,1670
CAKR,8,1438
CAKR,9,1687
CAKR,10,2569
CAKR,11,1711
DENA,0,96
DENA,1,2603
DENA,2,4613
DENA,3,3686
DENA,4,53995
DENA,5,144156
DENA,6,168078
DENA,7,154044
DENA,8,61504
DENA,9,3863
DENA,10,1799
DENA,11,2715
GAAR,0,0
GAAR,1,0
GAAR,2,74
GAAR,3,91
GAAR,4,454
GAAR,5,647
GAAR,6,2852
GAAR,7,5399
GAAR,8,966
GAAR,9,35
GAAR,10,0
GAAR,11,0
GLBA,0,173
GLBA,1,173
GLBA,2,195
GLBA,3,3642
GLBA,4,121332
GLBA,5,132054
GLBA,6,152932
GLBA,7,145002
GLBA,8,111922
GLBA,9,4319
GLBA,10,172
GLBA,11,171
KATM,0,100
KATM,1,100
KATM,2,100
KATM,3,100
KATM,4,100
KATM,5,9690
KATM,6,37318
KATM,7,23772
KATM,8,12587
KATM,9,100
KATM,10,100
KATM,11,100
KEFJ,0,21
KEFJ,1,37
KEFJ,2,40
KEFJ,3,21
KEFJ,4,28944
KEFJ,5,91280
KEFJ,6,120632
KEFJ,7,78129
KEFJ,8,33346
KEFJ,9,4121
KEFJ,10,7
KEFJ,11,23
KLGO,0,0
KLGO,1,6
KLGO,2,12
KLGO,3,2
KLGO,4,233882
KLGO,5,250151
KLGO,6,266219
KLGO,7,219853
KLGO,8,145778
KLGO,9,1
KLGO,10,52
KLGO,11,205
KOVA,0,1098
KOVA,1,695
KOVA,2,764
KOVA,3,808
KOVA,4,778
KOVA,5,1398
KOVA,6,1750
KOVA,7,1770
KOVA,8,1538
KOVA,9,1987
KOVA,10,1569
KOVA,11,1611
LACL,0,0
LACL,1,0
LACL,2,0
LACL,3,0
LACL,4,367
LACL,5,3751
LACL,6,5114
LACL,7,5580
LACL,8,2345
LACL,9,0
LACL,10,0
LACL,11,0
NOAT,0,898
NOAT,1,895
NOAT,2,764
NOAT,3,808
NOAT,4,978
NOAT,5,1398
NOAT,6,1750
NOAT,7,1720
NOAT,8,1538
NOAT,9,1787
NOAT,10,2669
NOAT,11,2011
SITK,0,310
SITK,1,4169
SITK,2,5819
SITK,3,4534
SITK,4,29048
SITK,5,45134
SITK,6,51359
SITK,7,47134
SITK,8,31386
SITK,9,6476
SITK,10,4408
SITK,11,3099
VALR,0,127852
VALR,1,122379
VALR,2,144685
VALR,3,139925
VALR,4,137527
VALR,5,150832
VALR,6,159687
VALR,7,147461
VALR,8,144656
VALR,9,149796
VALR,10,136920
VALR,11,154815
WRST,0,25
WRST,1,95
WRST,2,230
WRST,3,520
WRST,4,4572
WRST,5,16445
WRST,6,23372
WRST,7,20779
WRST,8,7855
WRST,9,530
WRST,10,60
WRST,11,35
YUCH,0,6
YUCH,1,72
YUCH,2,46
YUCH,3,37
YUCH,4,14
YUCH,5,182
YUCH,6,354
YUCH,7,246
YUCH,8,157
YUCH,9,0
YUCH,10,0
YUCH,11,0
CACH,0,20409
CACH,1,20192
CACH,2,35139
CACH,3,18779
CACH,4,50574
CACH,5,44751
CACH,6,46786
CACH,7,51391
CACH,8,43466
CACH,9,39810
CACH,10,52740
CACH,11,36720
CAGR,0,1606
CAGR,1,12240
CAGR,2,14582
CAGR,3,6509
CAGR,4,4565
CAGR,5,3203
CAGR,6,2663
CAGR,7,2119
CAGR,8,3026
CAGR,9,4956
CAGR,10,5731
CAGR,11,7179
CHIR,0,2083
CHIR,1,5719
CHIR,2,12479
CHIR,3,9002
CHIR,4,6250
CHIR,5,2899
CHIR,6,2763
CHIR,7,2532
CHIR,8,2574
CHIR,9,5351
CHIR,10,4612
CHIR,11,4391
CORO,0,8046
CORO,1,5505
CORO,2,14045
CORO,3,8739
CORO,4,9526
CORO,5,7218
CORO,6,7386
CORO,7,12838
CORO,8,11072
CORO,9,7592
CORO,10,12309
CORO,11,26052
FOBO,0,445
FOBO,1,989
FOBO,2,1488
FOBO,3,945
FOBO,4,555
FOBO,5,401
FOBO,6,203
FOBO,7,178
FOBO,8,394
FOBO,9,605
FOBO,10,651
FOBO,11,723
GLCA,0,93477
GLCA,1,85411
GLCA,2,198242
GLCA,3,409809
GLCA,4,485027
GLCA,5,739411
GLCA,6,794257
GLCA,7,581598
GLCA,8,303009
GLCA,9,361918
GLCA,10,179137
GLCA,11,99267
GRCA,0,225056
GRCA,1,213050
GRCA,2,451228
GRCA,3,562265
GRCA,4,618598
GRCA,5,643821
GRCA,6,756860
GRCA,7,700896
GRCA,8,578852
GRCA,9,551558
GRCA,10,347847
GRCA,11,324380
HUTR,0,78
HUTR,1,653
HUTR,2,2675
HUTR,3,4664
HUTR,4,6502
HUTR,5,6590
HUTR,6,7388
HUTR,7,2800
HUTR,8,5572
HUTR,9,5660
HUTR,10,740
HUTR,11,6963
LAKE,0,463711
LAKE,1,532361
LAKE,2,649071
LAKE,3,700689
LAKE,4,721614
LAKE,5,776181
LAKE,6,793801
LAKE,7,649731
LAKE,8,631999
LAKE,9,621325
LAKE,10,539690
LAKE,11,418876
MOCA,0,4384
MOCA,1,25480
MOCA,2,54163
MOCA,3,46903
MOCA,4,39896
MOCA,5,30264
MOCA,6,27784
MOCA,7,25385
MOCA,8,28743
MOCA,9,38844
MOCA,10,30443
MOCA,11,23965
NAVA,0,113
NAVA,1,1397
NAVA,2,3283
NAVA,3,6052
NAVA,4,5896
NAVA,5,6230
NAVA,6,6121
NAVA,7,5939
NAVA,8,6200
NAVA,9,5215
NAVA,10,2281
NAVA,11,1256
ORPI,0,32892
ORPI,1,32886
ORPI,2,41890
ORPI,3,17564
ORPI,4,17723
ORPI,5,16421
ORPI,6,15255
ORPI,7,14918
ORPI,8,14109
ORPI,9,19594
ORPI,10,19161
ORPI,11,20773
PEFO,0,15341
PEFO,1,21342
PEFO,2,55187
PEFO,3,56567
PEFO,4,72802
PEFO,5,95451
PEFO,6,90546
PEFO,7,62276
PEFO,8,52525
PEFO,9,57019
PEFO,10,32092
PEFO,11,32440
PISP,0,114
PISP,1,706
PISP,2,2628
PISP,3,3371
PISP,4,3463
PISP,5,3605
PISP,6,3157
PISP,7,3163
PISP,8,3173
PISP,9,2901
PISP,10,851
PISP,11,350
SAGU,0,48968
SAGU,1,149371
SAGU,2,186275
SAGU,3,117802
SAGU,4,75838
SAGU,5,49481
SAGU,6,48553
SAGU,7,51309
SAGU,8,44812
SAGU,9,64529
SAGU,10,87053
SAGU,11,96235
SUCR,0,564
SUCR,1,2469
SUCR,2,11628
SUCR,3,13274
SUCR,4,12087
SUCR,5,14393
SUCR,6,14493
SUCR,7,10855
SUCR,8,11881
SUCR,9,10378
SUCR,10,2852
SUCR,11,3505
TONT,0,467
TONT,1,4437
TONT,2,8322
TONT,3,4354
TONT,4,2593
TONT,5,965
TONT,6,0
TONT,7,86
TONT,8,1212
TONT,9,2009
TONT,10,2081
TONT,11,2327
TUMA,0,752
TUMA,1,5037
TUMA,2,6231
TUMA,3,4548
TUMA,4,3427
TUMA,5,1499
TUMA,6,1231
TUMA,7,1245
TUMA,8,1683
TUMA,9,2646
TUMA,10,3169
TUMA,11,8236
TUZI,0,1234
TUZI,1,7253
TUZI,2,14716
TUZI,3,12329
TUZI,4,10477
TUZI,5,6924
TUZI,6,6607
TUZI,7,5638
TUZI,8,7128
TUZI,9,10453
TUZI,10,8955
TUZI,11,6824
WACA,0,362
WACA,1,6467
WACA,2,19531
WACA,3,18723
WACA,4,12429
WACA,5,17327
WACA,6,18238
WACA,7,13506
WACA,8,13837
WACA,9,16227
WACA,10,11808
WACA,11,3878
WUPA,0,724
WUPA,1,4243
WUPA,2,17447
WUPA,3,14767
WUPA,4,14117
WUPA,5,27113
WUPA,6,26993
WUPA,7,24528
WUPA,8,24543
WUPA,9,15377
WUPA,10,9772
WUPA,11,7435
ARPO,0,546
ARPO,1,1495
ARPO,2,3595
ARPO,3,2241
ARPO,4,4855
ARPO,5,3790
ARPO,6,3792
ARPO,7,2122
ARPO,8,1718
ARPO,9,1747
ARPO,10,1392
ARPO,11,1226
BUFF,0,18144
BUFF,1,25119
BUFF,2,71116
BUFF,3,113657
BUFF,4,172613
BUFF,5,319042
BUFF,6,181692
BUFF,7,148993
BUFF,8,114939
BUFF,9,82878
BUFF,10,42257
BUFF,11,35832
CHSC,0,1704
CHSC,1,10758
CHSC,2,13502
CHSC,3,11136
CHSC,4,21234
CHSC,5,16339
CHSC,6,17368
CHSC,7,14386
CHSC,8,16843
CHSC,9,18133
CHSC,10,15253
CHSC,11,12262
FOSM,0,4466
FOSM,1,6794
FOSM,2,9386
FOSM,3,10101
FOSM,4,12288
FOSM,5,9941
FOSM,6,18522
FOSM,7,10692
FOSM,8,20064
FOSM,9,11030
FOSM,10,7169
FOSM,11,5047
HOSP,0,73964
HOSP,1,79322
HOSP,2,125290
HOSP,3,113397
HOSP,4,136514
HOSP,5,149049
HOSP,6,139005
HOSP,7,181982
HOSP,8,143915
HOSP,9,137861
HOSP,10,108534
HOSP,11,78320
PERI,0,3100
PERI,1,4679
PERI,2,10378
PERI,3,7822
PERI,4,12153
PERI,5,10564
PERI,6,12320
PERI,7,11040
PERI,8,9418
PERI,9,9278
PERI,10,7127
PERI,11,4874
WICL,0,43
WICL,1,303
WICL,2,1205
WICL,3,757
WICL,4,974
WICL,5,1011
WICL,6,1185
WICL,7,810
WICL,8,534
WICL,9,732
WICL,10,538
WICL,11,666
CABR,0,6806
CABR,1,56248
CABR,2,76140
CABR,3,72306
CABR,4,66020
CABR,5,70746
CABR,6,91365
CABR,7,77624
CABR,8,62052
CABR,9,58619
CABR,10,62287
CABR,11,61272
CECH,0,0
CECH,1,907
CECH,2,2503
CECH,3,1264
CECH,4,1342
CECH,5,1096
CECH,6,1630
CECH,7,1768
CECH,8,1798
CECH,9,1606
CECH,10,1312
CECH,11,1264
CHIS,0,9193
CHIS,1,22263
CHIS,2,34951
CHIS,3,39218
CHIS,4,39070
CHIS,5,44915
CHIS,6,47581
CHIS,7,49793
CHIS,8,38681
CHIS,9,36691
CHIS,10,25212
CHIS,11,22062
DEPO,0,0
DEPO,1,0
DEPO,2,0
DEPO,3,0
DEPO,4,0
DEPO,5,775
DEPO,6,45648
DEPO,7,44879
DEPO,8,31954
DEPO,9,24608
DEPO,10,0
DEPO,11,0
DEVA,0,111954
DEVA,1,112925
DEVA,2,178553
DEVA,3,177696
DEVA,4,155378
DEVA,5,122013
DEVA,6,142487
DEVA,7,165632
DEVA,8,168894
DEVA,9,138152
DEVA,10,132013
DEVA,11,135248
EUON,0,5
EUON,1,140
EUON,2,282
EUON,3,268
EUON,4,288
EUON,5,620
EUON,6,255
EUON,7,255
EUON,8,296
EUON,9,233
EUON,10,152
EUON,11,150
FOPO,0,40541
FOPO,1,57164
FOPO,2,125630
FOPO,3,197520
FOPO,4,149691
FOPO,5,147455
FOPO,6,153992
FOPO,7,154135
FOPO,8,117068
FOPO,9,106396
FOPO,10,86610
FOPO,11,85147
GOGA,0,858993
GOGA,1,1003946
GOGA,2,1351250
GOGA,3,1382599
GOGA,4,1232164
GOGA,5,1408780
GOGA,6,1371028
GOGA,7,1383260
GOGA,8,1479950
GOGA,9,1435037
GOGA,10,1109237
GOGA,11,985983
JOMU,0,1480
JOMU,1,2811
JOMU,2,4026
JOMU,3,5704
JOMU,4,3877
JOMU,5,3615
JOMU,6,4497
JOMU,7,3535
JOMU,8,3179
JOMU,9,2957
JOMU,10,2657
JOMU,11,2387
JOTR,0,195993
JOTR,1,261230
JOTR,2,469183
JOTR,3,374789
JOTR,4,250928
JOTR,5,187551
JOTR,6,138967
JOTR,7,120911
JOTR,8,160294
JOTR,9,233995
JOTR,10,291230
JOTR,11,303476
KICA,0,20295
KICA,1,9227
KICA,2,22067
KICA,3,41156
KICA,4,57345
KICA,5,90612
KICA,6,102440
KICA,7,113009
KICA,8,81206
KICA,9,55118
KICA,10,25439
KICA,11,14196
LABE,0,2394
LABE,1,3453
LABE,2,3762
LABE,3,6471
LABE,4,10068
LABE,5,12909
LABE,6,19440
LABE,7,16869
LABE,8,14139
LABE,9,10458
LABE,10,5860
LABE,11,3807
LAVO,0,8646
LAVO,1,6561
LAVO,2,7944
LAVO,3,12477
LAVO,4,25170
LAVO,5,63803
LAVO,6,105535
LAVO,7,98109
LAVO,8,75502
LAVO,9,88428
LAVO,10,12879
LAVO,11,11985
MANZ,0,3202
MANZ,1,3928
MANZ,2,7762
MANZ,3,11448
MANZ,4,9724
MANZ,5,10706
MANZ,6,11160
MANZ,7,10760
MANZ,8,9342
MANZ,9,9696
MANZ,10,5800
MANZ,11,3852
MOJA,0,50479
MOJA,1,51962
MOJA,2,71407
MOJA,3,74705
MOJA,4,66365
MOJA,5,66780
MOJA,6,59659
MOJA,7,74117
MOJA,8,66019
MOJA,9,67706
MOJA,10,90706
MOJA,11,101611
MUWO,0,28031
MUWO,1,37291
MUWO,2,65398
MUWO,3,74260
MUWO,4,70917
MUWO,5,93142
MUWO,6,114799
MUWO,7,102318
MUWO,8,71198
MUWO,9,53531
MUWO,10,52380
MUWO,11,48808
PINN,0,1154
PINN,1,11735
PINN,2,24681
PINN,3,16234
PINN,4,19398
PINN,5,19061
PINN,6,13016
PINN,7,16795
PINN,8,14165
PINN,9,14084
PINN,10,14786
PINN,11,12115
POCH,0,15
POCH,1,77
POCH,2,0
POCH,3,47
POCH,4,62
POCH,5,0
POCH,6,322
POCH,7,121
POCH,8,6
POCH,9,32
POCH,10,89
POCH,11,59
PORE,0,151683
PORE,1,164704
PORE,2,137162
PORE,3,231762
PORE,4,215032
PORE,5,223966
PORE,6,234944
PORE,7,239426
PORE,8,214052
PORE,9,133226
PORE,10,162712
PORE,11,156632
REDW,0,17129
REDW,1,17768
REDW,2,30938
REDW,3,33179
REDW,4,62796
REDW,5,76137
REDW,6,69750
REDW,7,55227
REDW,8,55568
REDW,9,42048
REDW,10,24430
REDW,11,19752
RORI,0,263
RORI,1,4372
RORI,2,5547
RORI,3,5833
RORI,4,4712
RORI,5,5102
RORI,6,4669
RORI,7,5580
RORI,8,3700
RORI,9,3294
RORI,10,4042
RORI,11,3290
SAFR,0,34396
SAFR,1,264354
SAFR,2,290964
SAFR,3,365334
SAFR,4,358395
SAFR,5,378036
SAFR,6,562111
SAFR,7,553994
SAFR,8,329370
SAFR,9,322157
SAFR,10,279830
SAFR,11,277657
SAMO,0,50606
SAMO,1,54601
SAMO,2,71201
SAMO,3,75278
SAMO,4,84594
SAMO,5,69118
SAMO,6,58938
SAMO,7,54930
SAMO,8,50474
SAMO,9,54416
SAMO,10,46000
SAMO,11,37410
SEQU,0,36024
SEQU,1,28737
SEQU,2,63343
SEQU,3,93054
SEQU,4,119816
SEQU,5,153882
SEQU,6,193633
SEQU,7,190139
SEQU,8,144639
SEQU,9,118187
SEQU,10,59502
SEQU,11,45097
VALR,0,127852
VALR,1,122379
VALR,2,144685
VALR,3,139925
VALR,4,137527
VALR,5,150832
VALR,6,159687
VALR,7,147461
VALR,8,144656
VALR,9,149796
VALR,10,136920
VALR,11,154815
WHIS,0,21107
WHIS,1,26275
WHIS,2,54862
WHIS,3,65872
WHIS,4,62060
WHIS,5,100366
WHIS,6,119342
WHIS,7,100506
WHIS,8,43462
WHIS,9,39514
WHIS,10,31986
WHIS,11,21807
YOSE,0,116746
YOSE,1,111665
YOSE,2,173610
YOSE,3,297207
YOSE,4,393004
YOSE,5,496625
YOSE,6,717462
YOSE,7,703153
YOSE,8,584664
YOSE,9,448939
YOSE,10,230598
YOSE,11,149188
BEOL,0,36
BEOL,1,441
BEOL,2,1526
BEOL,3,1779
BEOL,4,4172
BEOL,5,3251
BEOL,6,2844
BEOL,7,2117
BEOL,8,2379
BEOL,9,1434
BEOL,10,774
BEOL,11,921
BLCA,0,4921
BLCA,1,6369
BLCA,2,12180
BLCA,3,25077
BLCA,4,75198
BLCA,5,75289
BLCA,6,51368
BLCA,7,80046
BLCA,8,48420
BLCA,9,25828
BLCA,10,22684
BLCA,11,5438
COLM,0,17335
COLM,1,11779
COLM,2,22153
COLM,3,35626
COLM,4,47502
COLM,5,45087
COLM,6,49299
COLM,7,53897
COLM,8,48749
COLM,9,31552
COLM,10,19974
COLM,11,14079
CURE,0,16484
CURE,1,15874
CURE,2,17746
CURE,3,25621
CURE,4,55592
CURE,5,130551
CURE,6,222352
CURE,7,144598
CURE,8,86658
CURE,9,70536
CURE,10,36461
CURE,11,13561
DINO,0,1137
DINO,1,3189
DINO,2,5603
DINO,3,18794
DINO,4,36588
DINO,5,57804
DINO,6,62538
DINO,7,52365
DINO,8,29562
DINO,9,18868
DINO,10,7814
DINO,11,4703
FLFO,0,296
FLFO,1,1888
FLFO,2,2945
FLFO,3,4272
FLFO,4,7647
FLFO,5,12744
FLFO,6,14114
FLFO,7,12295
FLFO,8,10789
FLFO,9,6340
FLFO,10,2590
FLFO,11,1420
GRSA,0,4404
GRSA,1,5154
GRSA,2,19541
GRSA,3,25183
GRSA,4,68473
GRSA,5,122086
GRSA,6,103293
GRSA,7,81085
GRSA,8,52946
GRSA,9,32180
GRSA,10,8606
GRSA,11,4595
HOVE,0,572
HOVE,1,615
HOVE,2,2119
HOVE,3,3961
HOVE,4,5674
HOVE,5,4976
HOVE,6,4644
HOVE,7,1815
HOVE,8,5149
HOVE,9,3976
HOVE,10,1156
HOVE,11,742
MEVE,0,95
MEVE,1,3414
MEVE,2,14992
MEVE,3,32428
MEVE,4,60665
MEVE,5,108231
MEVE,6,113166
MEVE,7,87133
MEVE,8,70865
MEVE,9,47270
MEVE,10,10201
MEVE,11,7743
ROMO,0,118152
ROMO,1,99873
ROMO,2,146414
ROMO,3,160259
ROMO,4,280351
ROMO,5,698224
ROMO,6,973992
ROMO,7,830039
ROMO,8,752320
ROMO,9,374003
ROMO,10,123376
ROMO,11,113050
SAND,0,55
SAND,1,154
SAND,2,285
SAND,3,387
SAND,4,577
SAND,5,864
SAND,6,837
SAND,7,671
SAND,8,799
SAND,9,534
SAND,10,408
SAND,11,130
WEFA,0,930
WEFA,1,800
WEFA,2,1156
WEFA,3,2510
WEFA,4,4972
WEFA,5,5404
WEFA,6,5079
WEFA,7,6197
WEFA,8,4180
WEFA,9,5297
WEFA,10,1150
WEFA,11,1025
BICY,0,86391
BICY,1,183754
BICY,2,112730
BICY,3,67562
BICY,4,62298
BICY,5,49683
BICY,6,49956
BICY,7,53820
BICY,8,66352
BICY,9,75219
BICY,10,99814
BICY,11,99892
BISC,0,50873
BISC,1,59754
BISC,2,76685
BISC,3,64172
BISC,4,79779
BISC,5,65173
BISC,6,60239
BISC,7,46191
BISC,8,46723
BISC,9,38582
BISC,10,59948
BISC,11,60403
CANA,0,29020
CANA,1,211401
CANA,2,162987
CANA,3,195898
CANA,4,246616
CANA,5,200381
CANA,6,162947
CANA,7,165527
CANA,8,138980
CANA,9,118089
CANA,10,129264
CANA,11,123012
CASA,0,5092
CASA,1,61948
CASA,2,96568
CASA,3,72194
CASA,4,58673
CASA,5,60200
CASA,6,75495
CASA,7,43197
CASA,8,27316
CASA,9,39668
CASA,10,59650
CASA,11,73394
CUIS,0,268
CUIS,1,3290
CUIS,2,8362
CUIS,3,7432
CUIS,4,6430
CUIS,5,4803
CUIS,6,5194
CUIS,7,2748
CUIS,8,2030
CUIS,9,5536
CUIS,10,4959
CUIS,11,2852
DESO,0,2589
DESO,1,25594
DESO,2,26550
DESO,3,14485
DESO,4,15011
DESO,5,15185
DESO,6,11831
DESO,7,14270
DESO,8,8373
DESO,9,15162
DESO,10,18987
DESO,11,19843
DRTO,0,6179
DRTO,1,6937
DRTO,2,7417
DRTO,3,7720
DRTO,4,8124
DRTO,5,8041
DRTO,6,7692
DRTO,7,6658
DRTO,8,4694
DRTO,9,4432
DRTO,10,5336
DRTO,11,5970
EVER,0,85838
EVER,1,96953
EVER,2,146859
EVER,3,131278
EVER,4,77435
EVER,5,68267
EVER,6,63394
EVER,7,80177
EVER,8,60469
EVER,9,70222
EVER,10,103643
EVER,11,133765
FOCA,0,6243
FOCA,1,19719
FOCA,2,23162
FOCA,3,20476
FOCA,4,20584
FOCA,5,12293
FOCA,6,11997
FOCA,7,13260
FOCA,8,7500
FOCA,9,5600
FOCA,10,12629
FOCA,11,34195
FOMA,0,20241
FOMA,1,32131
FOMA,2,79235
FOMA,3,57376
FOMA,4,62356
FOMA,5,62567
FOMA,6,86658
FOMA,7,76275
FOMA,8,25856
FOMA,9,32560
FOMA,10,38194
FOMA,11,20339
GUIS,0,120594
GUIS,1,299043
GUIS,2,495965
GUIS,3,564302
GUIS,4,699278
GUIS,5,561638
GUIS,6,621752
GUIS,7,569383
GUIS,8,473992
GUIS,9,412684
GUIS,10,451902
GUIS,11,329707
TIMU,0,69470
TIMU,1,78119
TIMU,2,116813
TIMU,3,117529
TIMU,4,132210
TIMU,5,128431
TIMU,6,141200
TIMU,7,85058
TIMU,8,72852
TIMU,9,94523
TIMU,10,90214
TIMU,11,78646
ANDE,0,1106
ANDE,1,6753
ANDE,2,12810
ANDE,3,10645
ANDE,4,14245
ANDE,5,6824
ANDE,6,9047
ANDE,7,5620
ANDE,8,6914
ANDE,9,10764
ANDE,10,9872
ANDE,11,9035
CHAT,0,204389
CHAT,1,133850
CHAT,2,202255
CHAT,3,244182
CHAT,4,369867
CHAT,5,439384
CHAT,6,301019
CHAT,7,391718
CHAT,8,332490
CHAT,9,281956
CHAT,10,321310
CHAT,11,170713
CHCH,0,51862
CHCH,1,62526
CHCH,2,89200
CHCH,3,88562
CHCH,4,93698
CHCH,5,93095
CHCH,6,97942
CHCH,7,87375
CHCH,8,87183
CHCH,9,75900
CHCH,10,78218
CHCH,11,71597
CUIS,0,268
CUIS,1,3290
CUIS,2,8362
CUIS,3,7432
CUIS,4,6430
CUIS,5,4803
CUIS,6,5194
CUIS,7,2748
CUIS,8,2030
CUIS,9,5536
CUIS,10,4959
CUIS,11,2852
FOFR,0,10646
FOFR,1,16250
FOFR,2,28702
FOFR,3,19387
FOFR,4,18538
FOFR,5,21174
FOFR,6,21681
FOFR,7,14888
FOFR,8,9865
FOFR,9,18208
FOFR,10,19271
FOFR,11,13720
FOPU,0,8812
FOPU,1,28565
FOPU,2,21449
FOPU,3,42515
FOPU,4,40183
FOPU,5,37945
FOPU,6,43460
FOPU,7,33792
FOPU,8,26312
FOPU,9,35340
FOPU,10,30177
FOPU,11,25740
JICA,0,279
JICA,1,3467
JICA,2,4610
JICA,3,6796
JICA,4,3562
JICA,5,4874
JICA,6,4122
JICA,7,2834
JICA,8,10839
JICA,9,2786
JICA,10,3736
JICA,11,2884
KEMO,0,99433
KEMO,1,123121
KEMO,2,253424
KEMO,3,431357
KEMO,4,119569
KEMO,5,308321
KEMO,6,318751
KEMO,7,240941
KEMO,8,224842
KEMO,9,252719
KEMO,10,133205
KEMO,11,115367
MALU,0,43730
MALU,1,83166
MALU,2,47301
MALU,3,61204
MALU,4,62300
MALU,5,62550
MALU,6,85000
MALU,7,72349
MALU,8,42500
MALU,9,62550
MALU,10,71000
MALU,11,68000
OCMU,0,2601
OCMU,1,7754
OCMU,2,15866
OCMU,3,15623
OCMU,4,12824
OCMU,5,11373
OCMU,6,9642
OCMU,7,10331
OCMU,8,28184
OCMU,9,11079
OCMU,10,14163
OCMU,11,7485
HALE,0,53523
HALE,1,83666
HALE,2,93074
HALE,3,87763
HALE,4,85159
HALE,5,85338
HALE,6,86267
HALE,7,84618
HALE,8,98856
HALE,9,73204
HALE,10,72075
HALE,11,90851
HAVO,0,128836
HAVO,1,120931
HAVO,2,113452
HAVO,3,103247
HAVO,4,102792
HAVO,5,113015
HAVO,6,133249
HAVO,7,125357
HAVO,8,92720
HAVO,9,96054
HAVO,10,107457
HAVO,11,131266
KAHO,0,14780
KAHO,1,25457
KAHO,2,25804
KAHO,3,19569
KAHO,4,15169
KAHO,5,23220
KAHO,6,23028
KAHO,7,15711
KAHO,8,12995
KAHO,9,14796
KAHO,10,16334
KAHO,11,26058
KALA,0,5913
KALA,1,5824
KALA,2,5834
KALA,3,5714
KALA,4,5713
KALA,5,5892
KALA,6,5828
KALA,7,5775
KALA,8,5775
KALA,9,5711
KALA,10,5677
KALA,11,5745
PUHE,0,5620
PUHE,1,14122
PUHE,2,12879
PUHE,3,12494
PUHE,4,11663
PUHE,5,9857
PUHE,6,10789
PUHE,7,11845
PUHE,8,9684
PUHE,9,11269
PUHE,10,10728
PUHE,11,12623
PUHO,0,3767
PUHO,1,38282
PUHO,2,40367
PUHO,3,38050
PUHO,4,36695
PUHO,5,40720
PUHO,6,40573
PUHO,7,35051
PUHO,8,35197
PUHO,9,36543
PUHO,10,34560
PUHO,11,34605
VALR,0,127852
VALR,1,122379
VALR,2,144685
VALR,3,139925
VALR,4,137527
VALR,5,150832
VALR,6,159687
VALR,7,147461
VALR,8,144656
VALR,9,149796
VALR,10,136920
VALR,11,154815
CIRO,0,188
CIRO,1,188
CIRO,2,302
CIRO,3,2270
CIRO,4,15628
CIRO,5,23582
CIRO,6,13936
CIRO,7,16659
CIRO,8,12082
CIRO,9,7896
CIRO,10,3885
CIRO,11,2695
CRMO,0,102
CRMO,1,5134
CRMO,2,6938
CRMO,3,15959
CRMO,4,28666
CRMO,5,51116
CRMO,6,55562
CRMO,7,47304
CRMO,8,40804
CRMO,9,10636
CRMO,10,6556
CRMO,11,3447
HAFO,0,4
HAFO,1,678
HAFO,2,2090
HAFO,3,2001
HAFO,4,3109
HAFO,5,3915
HAFO,6,4026
HAFO,7,3166
HAFO,8,2170
HAFO,9,1296
HAFO,10,753
HAFO,11,560
MIIN,0,0
MIIN,1,57
MIIN,2,588
MIIN,3,391
MIIN,4,613
MIIN,5,2920
MIIN,6,4264
MIIN,7,3464
MIIN,8,856
MIIN,9,430
MIIN,10,32
MIIN,11,32
NEPE,0,6170
NEPE,1,12537
NEPE,2,6020
NEPE,3,14958
NEPE,4,20960
NEPE,5,20787
NEPE,6,24610
NEPE,7,24426
NEPE,8,24890
NEPE,9,19582
NEPE,10,19214
NEPE,11,21914
YELL,0,33896
YELL,1,31650
YELL,2,28695
YELL,3,48150
YELL,4,434385
YELL,5,781853
YELL,6,936062
YELL,7,820006
YELL,8,693118
YELL,9,171339
YELL,10,15628
YELL,11,25506
JEFF,0,18962
JEFF,1,51416
JEFF,2,164238
JEFF,3,138309
JEFF,4,165964
JEFF,5,296149
JEFF,6,583866
JEFF,7,208999
JEFF,8,127764
JEFF,9,122770
JEFF,10,91836
JEFF,11,85036
LIHO,0,176
LIHO,1,4841
LIHO,2,12126
LIHO,3,24994
LIHO,4,36577
LIHO,5,24601
LIHO,6,29314
LIHO,7,22486
LIHO,8,14272
LIHO,9,16983
LIHO,10,7617
LIHO,11,3829
GERO,0,633
GERO,1,2404
GERO,2,4104
GERO,3,11845
GERO,4,36257
GERO,5,8702
GERO,6,28453
GERO,7,15558
GERO,8,10039
GERO,9,9856
GERO,10,5608
GERO,11,6671
INDU,0,69916
INDU,1,85702
INDU,2,219070
INDU,3,107862
INDU,4,142403
INDU,5,302203
INDU,6,449968
INDU,7,290469
INDU,8,206226
INDU,9,105984
INDU,10,79674
INDU,11,74808
LIBO,0,37
LIBO,1,1123
LIBO,2,2383
LIBO,3,4782
LIBO,4,11453
LIBO,5,28179
LIBO,6,60560
LIBO,7,7913
LIBO,8,18719
LIBO,9,1724
LIBO,10,1492
LIBO,11,349
EFMO,0,1714
EFMO,1,2550
EFMO,2,3142
EFMO,3,2034
EFMO,4,5723
EFMO,5,9144
EFMO,6,11405
EFMO,7,10110
EFMO,8,6512
EFMO,9,9325
EFMO,10,1856
EFMO,11,2066
HEHO,0,1088
HEHO,1,2483
HEHO,2,13869
HEHO,3,7318
HEHO,4,12954
HEHO,5,13943
HEHO,6,17001
HEHO,7,20359
HEHO,8,11425
HEHO,9,10407
HEHO,10,7289
HEHO,11,7552
BRVB,0,41
BRVB,1,906
BRVB,2,2158
BRVB,3,1894
BRVB,4,2889
BRVB,5,2551
BRVB,6,3183
BRVB,7,1896
BRVB,8,1397
BRVB,9,1626
BRVB,10,1950
BRVB,11,922
FOLS,0,20
FOLS,1,620
FOLS,2,1174
FOLS,3,2182
FOLS,4,4450
FOLS,5,3345
FOLS,6,4173
FOLS,7,2928
FOLS,8,2158
FOLS,9,3292
FOLS,10,1478
FOLS,11,1138
FOSC,0,135
FOSC,1,574
FOSC,2,1333
FOSC,3,2800
FOSC,4,3290
FOSC,5,3087
FOSC,6,2918
FOSC,7,2198
FOSC,8,2546
FOSC,9,2242
FOSC,10,1470
FOSC,11,1475
NICO,0,7
NICO,1,42
NICO,2,126
NICO,3,189
NICO,4,285
NICO,5,677
NICO,6,941
NICO,7,434
NICO,8,258
NICO,9,369
NICO,10,104
NICO,11,108
TAPR,0,245
TAPR,1,379
TAPR,2,1447
TAPR,3,2455
TAPR,4,3462
TAPR,5,5677
TAPR,6,4822
TAPR,7,3820
TAPR,8,4254
TAPR,9,4225
TAPR,10,2137
TAPR,11,827
ABLI,0,1939
ABLI,1,6534
ABLI,2,14566
ABLI,3,16496
ABLI,4,24646
ABLI,5,26854
ABLI,6,37334
ABLI,7,34816
ABLI,8,32877
ABLI,9,19425
ABLI,10,15975
ABLI,11,6764
BISO,0,34256
BISO,1,42159
BISO,2,41577
BISO,3,61262
BISO,4,95441
BISO,5,87592
BISO,6,66724
BISO,7,72051
BISO,8,80407
BISO,9,75688
BISO,10,55058
BISO,11,38279
CUGA,0,164
CUGA,1,31274
CUGA,2,53292
CUGA,3,77489
CUGA,4,68678
CUGA,5,72887
CUGA,6,85082
CUGA,7,77974
CUGA,8,68560
CUGA,9,75831
CUGA,10,57344
CUGA,11,36023
MACA,0,3651
MACA,1,10346
MACA,2,45779
MACA,3,55210
MACA,4,53461
MACA,5,76995
MACA,6,102436
MACA,7,72400
MACA,8,43525
MACA,9,48713
MACA,10,22247
MACA,11,16827
ACAD,0,8532
ACAD,1,9154
ACAD,2,20161
ACAD,3,68046
ACAD,4,226156
ACAD,5,490720
ACAD,6,756439
ACAD,7,759735
ACAD,8,603273
ACAD,9,436194
ACAD,10,46011
ACAD,11,12865
SACR,0,0
SACR,1,0
SACR,2,0
SACR,3,0
SACR,4,1052
SACR,5,1644
SACR,6,2671
SACR,7,2657
SACR,8,2251
SACR,9,1338
SACR,10,0
SACR,11,0
CARI,0,41
CARI,1,1368
CARI,2,2992
CARI,3,2717
CARI,4,2977
CARI,5,3440
CARI,6,4188
CARI,7,3303
CARI,8,1012
CARI,9,3748
CARI,10,2465
CARI,11,1671
JAZZ,0,400
JAZZ,1,3802
JAZZ,2,4845
JAZZ,3,4385
JAZZ,4,3355
JAZZ,5,4186
JAZZ,6,3173
JAZZ,7,3131
JAZZ,8,2647
JAZZ,9,3591
JAZZ,10,3416
JAZZ,11,4118
JELA,0,14061
JELA,1,36734
JELA,2,66490
JELA,3,58066
JELA,4,54829
JELA,5,56752
JELA,6,49748
JELA,7,46991
JELA,8,51525
JELA,9,57565
JELA,10,50221
JELA,11,47347
VICK,0,38900
VICK,1,35128
VICK,2,51942
VICK,3,57040
VICK,4,60368
VICK,5,68528
VICK,6,49592
VICK,7,41572
VICK,8,40908
VICK,9,30800
VICK,10,53758
VICK,11,47920
ADAM,0,27
ADAM,1,179
ADAM,2,253
ADAM,3,537
ADAM,4,13187
ADAM,5,23963
ADAM,6,75333
ADAM,7,26011
ADAM,8,19602
ADAM,9,22021
ADAM,10,6031
ADAM,11,256
BOAF,0,2349
BOAF,1,6113
BOAF,2,5988
BOAF,3,7817
BOAF,4,41769
BOAF,5,100652
BOAF,6,95579
BOAF,7,88618
BOAF,8,32197
BOAF,9,21473
BOAF,10,10269
BOAF,11,6761
BOST,0,54898
BOST,1,82987
BOST,2,153851
BOST,3,229628
BOST,4,298885
BOST,5,405914
BOST,6,505800
BOST,7,456429
BOST,8,353098
BOST,9,359876
BOST,10,172784
BOST,11,127684
CACO,0,114182
CACO,1,131478
CACO,2,158934
CACO,3,216513
CACO,4,361965
CACO,5,444653
CACO,6,660198
CACO,7,752184
CACO,8,554274
CACO,9,329706
CACO,10,181896
CACO,11,190121
FRLA,0,12
FRLA,1,105
FRLA,2,343
FRLA,3,865
FRLA,4,328
FRLA,5,623
FRLA,6,913
FRLA,7,959
FRLA,8,1703
FRLA,9,1233
FRLA,10,634
FRLA,11,73
JOFI,0,3
JOFI,1,146
JOFI,2,217
JOFI,3,543
JOFI,4,1853
JOFI,5,3023
JOFI,6,3531
JOFI,7,3702
JOFI,8,2885
JOFI,9,8532
JOFI,10,267
JOFI,11,136
LONG,0,620
LONG,1,851
LONG,2,1295
LONG,3,2305
LONG,4,5054
LONG,5,9337
LONG,6,8219
LONG,7,8335
LONG,8,8660
LONG,9,6296
LONG,10,2237
LONG,11,1803
LOWE,0,1440
LOWE,1,35507
LOWE,2,25109
LOWE,3,24685
LOWE,4,33952
LOWE,5,30219
LOWE,6,190450
LOWE,7,52149
LOWE,8,16228
LOWE,9,19620
LOWE,10,44091
LOWE,11,8086
MIMA,0,37648
MIMA,1,27742
MIMA,2,50337
MIMA,3,124123
MIMA,4,120867
MIMA,5,110580
MIMA,6,117180
MIMA,7,106075
MIMA,8,93288
MIMA,9,122114
MIMA,10,55468
MIMA,11,51904
NEBE,0,3853
NEBE,1,5903
NEBE,2,7656
NEBE,3,10776
NEBE,4,12236
NEBE,5,15416
NEBE,6,21808
NEBE,7,22492
NEBE,8,13657
NEBE,9,13748
NEBE,10,7976
NEBE,11,7906
SAIR,0,150
SAIR,1,372
SAIR,2,481
SAIR,3,534
SAIR,4,375
SAIR,5,1342
SAIR,6,1195
SAIR,7,1434
SAIR,8,1230
SAIR,9,1037
SAIR,10,0
SAIR,11,0
SAMA,0,422
SAMA,1,4402
SAMA,2,7891
SAMA,3,14802
SAMA,4,20634
SAMA,5,36138
SAMA,6,45454
SAMA,7,40384
SAMA,8,36971
SAMA,9,113216
SAMA,10,14074
SAMA,11,4850
SPAR,0,56
SPAR,1,981
SPAR,2,1277
SPAR,3,1316
SPAR,4,1448
SPAR,5,2744
SPAR,6,3203
SPAR,7,2660
SPAR,8,2698
SPAR,9,2247
SPAR,10,1382
SPAR,11,967
ANTI,0,1280
ANTI,1,6421
ANTI,2,15462
ANTI,3,24037
ANTI,4,33228
ANTI,5,37948
ANTI,6,48965
ANTI,7,33531
ANTI,8,27684
ANTI,9,28643
ANTI,10,16173
ANTI,11,13971
ASIS,0,64032
ASIS,1,43977
ASIS,2,74089
ASIS,3,153044
ASIS,4,199049
ASIS,5,312094
ASIS,6,502416
ASIS,7,453668
ASIS,8,274394
ASIS,9,144479
ASIS,10,76779
ASIS,11,46515
CATO,0,9339
CATO,1,3243
CATO,2,21266
CATO,3,25887
CATO,4,9419
CATO,5,48622
CATO,6,34384
CATO,7,32928
CATO,8,34645
CATO,9,42065
CATO,10,23371
CATO,11,11677
CHOH,0,199712
CHOH,1,200441
CHOH,2,287249
CHOH,3,425458
CHOH,4,512921
CHOH,5,704171
CHOH,6,622845
CHOH,7,569556
CHOH,8,574676
CHOH,9,426628
CHOH,10,358222
CHOH,11,234908
CLBA,0,0
CLBA,1,100
CLBA,2,350
CLBA,3,450
CLBA,4,450
CLBA,5,450
CLBA,6,450
CLBA,7,450
CLBA,8,450
CLBA,9,400
CLBA,10,350
CLBA,11,200
FOMC,0,486
FOMC,1,18712
FOMC,2,31629
FOMC,3,54103
FOMC,4,66277
FOMC,5,50213
FOMC,6,51087
FOMC,7,50600
FOMC,8,56251
FOMC,9,19998
FOMC,10,11496
FOMC,11,8693
FOWA,0,1034
FOWA,1,7685
FOWA,2,53852
FOWA,3,45809
FOWA,4,57676
FOWA,5,63195
FOWA,6,66778
FOWA,7,43748
FOWA,8,38388
FOWA,9,17352
FOWA,10,16756
FOWA,11,11595
GREE,0,1437
GREE,1,5262
GREE,2,12559
GREE,3,18189
GREE,4,23552
GREE,5,23643
GREE,6,19030
GREE,7,18094
GREE,8,3436
GREE,9,1500
GREE,10,1000
GREE,11,1000
GWMP,0,181007
GWMP,1,308090
GWMP,2,526192
GWMP,3,764112
GWMP,4,805582
GWMP,5,733665
GWMP,6,888824
GWMP,7,864637
GWMP,8,690369
GWMP,9,643294
GWMP,10,621793
GWMP,11,459700
HAFE,0,161
HAFE,1,2824
HAFE,2,12869
HAFE,3,28319
HAFE,4,33285
HAFE,5,41471
HAFE,6,41765
HAFE,7,40321
HAFE,8,32330
HAFE,9,36137
HAFE,10,21958
HAFE,11,8137
HAMP,0,15
HAMP,1,2041
HAMP,2,2243
HAMP,3,2472
HAMP,4,2642
HAMP,5,2512
HAMP,6,2334
HAMP,7,2832
HAMP,8,2134
HAMP,9,2869
HAMP,10,2544
HAMP,11,3596
MONO,0,5948
MONO,1,1940
MONO,2,10662
MONO,3,11873
MONO,4,14266
MONO,5,18238
MONO,6,16381
MONO,7,15657
MONO,8,21023
MONO,9,13115
MONO,10,7175
MONO,11,8691
PISC,0,4584
PISC,1,14036
PISC,2,23060
PISC,3,22510
PISC,4,29192
PISC,5,32185
PISC,6,38905
PISC,7,43665
PISC,8,38702
PISC,9,47036
PISC,10,22684
PISC,11,13170
THST,0,108
THST,1,167
THST,2,352
THST,3,1137
THST,4,786
THST,5,695
THST,6,594
THST,7,539
THST,8,1493
THST,9,1053
THST,10,568
THST,11,528
ISRO,0,4
ISRO,1,37
ISRO,2,55
ISRO,3,61
ISRO,4,1055
ISRO,5,4837
ISRO,6,7714
ISRO,7,8798
ISRO,8,3342
ISRO,9,402
ISRO,10,47
ISRO,11,58
KEWE,0,0
KEWE,1,365
KEWE,2,513
KEWE,3,458
KEWE,4,2067
KEWE,5,2214
KEWE,6,4244
KEWE,7,4399
KEWE,8,3714
KEWE,9,2050
KEWE,10,153
KEWE,11,358
PIRO,0,18635
PIRO,1,20092
PIRO,2,18510
PIRO,3,9860
PIRO,4,43944
PIRO,5,116857
PIRO,6,211480
PIRO,7,212635
PIRO,8,128718
PIRO,9,60334
PIRO,10,5637
PIRO,11,12013
RIRA,0,16693
RIRA,1,12619
RIRA,2,16607
RIRA,3,18343
RIRA,4,22929
RIRA,5,24148
RIRA,6,23827
RIRA,7,28671
RIRA,8,19473
RIRA,9,18170
RIRA,10,12428
RIRA,11,12446
SLBE,0,10663
SLBE,1,11830
SLBE,2,23057
SLBE,3,31584
SLBE,4,73147
SLBE,5,200494
SLBE,6,499376
SLBE,7,397417
SLBE,8,187498
SLBE,9,105630
SLBE,10,16318
SLBE,11,12987
GRPO,0,45
GRPO,1,1178
GRPO,2,1951
GRPO,3,1680
GRPO,4,5619
GRPO,5,14226
GRPO,6,21929
GRPO,7,28561
GRPO,8,10659
GRPO,9,6480
GRPO,10,1389
GRPO,11,1268
MISS,0,14748
MISS,1,23989
MISS,2,28378
MISS,3,24273
MISS,4,44731
MISS,5,39590
MISS,6,50597
MISS,7,44205
MISS,8,32300
MISS,9,22234
MISS,10,26417
MISS,11,23220
PIPE,0,2
PIPE,1,250
PIPE,2,1178
PIPE,3,2458
PIPE,4,10072
PIPE,5,13185
PIPE,6,16752
PIPE,7,16235
PIPE,8,8928
PIPE,9,6250
PIPE,10,1448
PIPE,11,750
SACN,0,609
SACN,1,151
SACN,2,211
SACN,3,24746
SACN,4,84689
SACN,5,128517
SACN,6,159457
SACN,7,139884
SACN,8,81626
SACN,9,14345
SACN,10,3588
SACN,11,435
VOYA,0,4458
VOYA,1,7602
VOYA,2,3214
VOYA,3,213
VOYA,4,28198
VOYA,5,47387
VOYA,6,52031
VOYA,7,50586
VOYA,8,25517
VOYA,9,11047
VOYA,10,2472
VOYA,11,249
GUIS,0,120594
GUIS,1,299043
GUIS,2,495965
GUIS,3,564302
GUIS,4,699278
GUIS,5,561638
GUIS,6,621752
GUIS,7,569383
GUIS,8,473992
GUIS,9,412684
GUIS,10,451902
GUIS,11,329707
NATC,0,6198
NATC,1,9648
NATC,2,26436
NATC,3,23695
NATC,4,21049
NATC,5,16320
NATC,6,12391
NATC,7,11956
NATC,8,13929
NATC,9,19292
NATC,10,12843
NATC,11,8366
NATR,0,485642
NATR,1,472579
NATR,2,550701
NATR,3,560343
NATR,4,540971
NATR,5,562198
NATR,6,578598
NATR,7,536957
NATR,8,562171
NATR,9,518106
NATR,10,469752
NATR,11,458023
VICK,0,38900
VICK,1,35128
VICK,2,51942
VICK,3,57040
VICK,4,60368
VICK,5,68528
VICK,6,49592
VICK,7,41572
VICK,8,40908
VICK,9,30800
VICK,10,53758
VICK,11,47920
GWCA,0,123
GWCA,1,2376
GWCA,2,6697
GWCA,3,7378
GWCA,4,5035
GWCA,5,3892
GWCA,6,5032
GWCA,7,3005
GWCA,8,5492
GWCA,9,5285
GWCA,10,3620
GWCA,11,1618
HSTR,0,233
HSTR,1,639
HSTR,2,2349
HSTR,3,2485
HSTR,4,3316
HSTR,5,4017
HSTR,6,5063
HSTR,7,3557
HSTR,8,3142
HSTR,9,3265
HSTR,10,1788
HSTR,11,892
JEFF,0,18962
JEFF,1,51416
JEFF,2,164238
JEFF,3,138309
JEFF,4,165964
JEFF,5,296149
JEFF,6,583866
JEFF,7,208999
JEFF,8,127764
JEFF,9,122770
JEFF,10,91836
JEFF,11,85036
OZAR,0,17725
OZAR,1,20350
OZAR,2,47241
OZAR,3,66417
OZAR,4,93998
OZAR,5,168258
OZAR,6,266730
OZAR,7,243155
OZAR,8,132415
OZAR,9,72543
OZAR,10,63531
OZAR,11,29126
ULSG,0,87
ULSG,1,1338
ULSG,2,2529
ULSG,3,3238
ULSG,4,5491
ULSG,5,5418
ULSG,6,5886
ULSG,7,4872
ULSG,8,3184
ULSG,9,3277
ULSG,10,2350
ULSG,11,1779
WICR,0,7964
WICR,1,6743
WICR,2,11996
WICR,3,18162
WICR,4,19988
WICR,5,23302
WICR,6,25600
WICR,7,47190
WICR,8,27678
WICR,9,26524
WICR,10,7297
WICR,11,10394
BICA,0,5713
BICA,1,4082
BICA,2,7091
BICA,3,14104
BICA,4,26038
BICA,5,47620
BICA,6,41646
BICA,7,63717
BICA,8,23104
BICA,9,7016
BICA,10,4569
BICA,11,4959
BIHO,0,94
BIHO,1,263
BIHO,2,479
BIHO,3,721
BIHO,4,6253
BIHO,5,8173
BIHO,6,10502
BIHO,7,8969
BIHO,8,6338
BIHO,9,3268
BIHO,10,506
BIHO,11,295
GLAC,0,13581
GLAC,1,11240
GLAC,2,23989
GLAC,3,35491
GLAC,4,167403
GLAC,5,544088
GLAC,6,879711
GLAC,7,771874
GLAC,8,488909
GLAC,9,78408
GLAC,10,20008
GLAC,11,15137
GRKO,0,31
GRKO,1,269
GRKO,2,454
GRKO,3,833
GRKO,4,2514
GRKO,5,3824
GRKO,6,4747
GRKO,7,3939
GRKO,8,2169
GRKO,9,4905
GRKO,10,487
GRKO,11,871
LIBI,0,0
LIBI,1,300
LIBI,2,2837
LIBI,3,7315
LIBI,4,33060
LIBI,5,61009
LIBI,6,45953
LIBI,7,37714
LIBI,8,33720
LIBI,9,15368
LIBI,10,2605
LIBI,11,1423
NEPE,0,6170
NEPE,1,12537
NEPE,2,6020
NEPE,3,14958
NEPE,4,20960
NEPE,5,20787
NEPE,6,24610
NEPE,7,24426
NEPE,8,24890
NEPE,9,19582
NEPE,10,19214
NEPE,11,21914
YELL,0,33896
YELL,1,31650
YELL,2,28695
YELL,3,48150
YELL,4,434385
YELL,5,781853
YELL,6,936062
YELL,7,820006
YELL,8,693118
YELL,9,171339
YELL,10,15628
YELL,11,25506
AGFO,0,0
AGFO,1,94
AGFO,2,401
AGFO,3,391
AGFO,4,2188
AGFO,5,3276
AGFO,6,4222
AGFO,7,2775
AGFO,8,2227
AGFO,9,780
AGFO,10,253
AGFO,11,50
HOME,0,406
HOME,1,2188
HOME,2,2497
HOME,3,4885
HOME,4,9646
HOME,5,10080
HOME,6,7533
HOME,7,5874
HOME,8,6595
HOME,9,6998
HOME,10,2604
HOME,11,2330
MNRR,0,3772
MNRR,1,4269
MNRR,2,5276
MNRR,3,11933
MNRR,4,10764
MNRR,5,13746
MNRR,6,12084
MNRR,7,12303
MNRR,8,29816
MNRR,9,11367
MNRR,10,7608
MNRR,11,6342
NIOB,0,790
NIOB,1,440
NIOB,2,1344
NIOB,3,1465
NIOB,4,5669
NIOB,5,9899
NIOB,6,18345
NIOB,7,13219
NIOB,8,6941
NIOB,9,1719
NIOB,10,622
NIOB,11,359
SCBL,0,1868
SCBL,1,1869
SCBL,2,6421
SCBL,3,8470
SCBL,4,15616
SCBL,5,26314
SCBL,6,33926
SCBL,7,28917
SCBL,8,21467
SCBL,9,11050
SCBL,10,3912
SCBL,11,6177
SAGA,0,195
SAGA,1,253
SAGA,2,260
SAGA,3,385
SAGA,4,1366
SAGA,5,4510
SAGA,6,5870
SAGA,7,8303
SAGA,8,5340
SAGA,9,4545
SAGA,10,510
SAGA,11,222
DEVA,0,111954
DEVA,1,112925
DEVA,2,178553
DEVA,3,177696
DEVA,4,155378
DEVA,5,122013
DEVA,6,142487
DEVA,7,165632
DEVA,8,168894
DEVA,9,138152
DEVA,10,132013
DEVA,11,135248
GRBA,0,689
GRBA,1,1060
GRBA,2,2391
GRBA,3,6100
GRBA,4,11516
GRBA,5,23246
GRBA,6,23290
GRBA,7,24674
GRBA,8,22735
GRBA,9,11772
GRBA,10,3330
GRBA,11,999
LAKE,0,463711
LAKE,1,532361
LAKE,2,649071
LAKE,3,700689
LAKE,4,721614
LAKE,5,776181
LAKE,6,793801
LAKE,7,649731
LAKE,8,631999
LAKE,9,621325
LAKE,10,539690
LAKE,11,418876
MOJA,0,50479
MOJA,1,51962
MOJA,2,71407
MOJA,3,74705
MOJA,4,66365
MOJA,5,66780
MOJA,6,59659
MOJA,7,74117
MOJA,8,66019
MOJA,9,67706
MOJA,10,90706
MOJA,11,101611
DEWA,0,130962
DEWA,1,156297
DEWA,2,146048
DEWA,3,249160
DEWA,4,336632
DEWA,5,355136
DEWA,6,510552
DEWA,7,434019
DEWA,8,328025
DEWA,9,301758
DEWA,10,254518
DEWA,11,171758
EDIS,0,1957
EDIS,1,1957
EDIS,2,2560
EDIS,3,3295
EDIS,4,3408
EDIS,5,4792
EDIS,6,5067
EDIS,7,6102
EDIS,8,2603
EDIS,9,3106
EDIS,10,4197
EDIS,11,3180
GATE,0,504178
GATE,1,543132
GATE,2,653021
GATE,3,662417
GATE,4,818697
GATE,5,1055032
GATE,6,1223949
GATE,7,1085625
GATE,8,908313
GATE,9,733807
GATE,10,655858
GATE,11,561593
INDE,0,59682
INDE,1,179578
INDE,2,309348
INDE,3,455740
INDE,4,548136
INDE,5,574706
INDE,6,553191
INDE,7,473898
INDE,8,409902
INDE,9,362563
INDE,10,336151
INDE,11,269564
MORR,0,628
MORR,1,14567
MORR,2,15397
MORR,3,28313
MORR,4,25772
MORR,5,27103
MORR,6,34704
MORR,7,25948
MORR,8,35543
MORR,9,28944
MORR,10,20415
MORR,11,13996
AZRU,0,438
AZRU,1,1207
AZRU,2,4174
AZRU,3,5296
AZRU,4,6799
AZRU,5,9223
AZRU,6,9167
AZRU,7,6361
AZRU,8,7593
AZRU,9,7869
AZRU,10,2605
AZRU,11,3045
BAND,0,187
BAND,1,4949
BAND,2,18780
BAND,3,25153
BAND,4,27574
BAND,5,24546
BAND,6,22534
BAND,7,18447
BAND,8,17263
BAND,9,22166
BAND,10,10256
BAND,11,8886
CAVE,0,3093
CAVE,1,19470
CAVE,2,56581
CAVE,3,37543
CAVE,4,41516
CAVE,5,57111
CAVE,6,69444
CAVE,7,36354
CAVE,8,28455
CAVE,9,33014
CAVE,10,27519
CAVE,11,30591
CAVO,0,194
CAVO,1,3324
CAVO,2,5767
CAVO,3,3634
CAVO,4,7794
CAVO,5,15510
CAVO,6,20642
CAVO,7,10050
CAVO,8,5743
CAVO,9,4257
CAVO,10,2315
CAVO,11,2387
CHCU,0,110
CHCU,1,773
CHCU,2,3590
CHCU,3,5949
CHCU,4,7104
CHCU,5,4543
CHCU,6,5590
CHCU,7,4228
CHCU,8,7267
CHCU,9,4167
CHCU,10,2672
CHCU,11,1349
ELMA,0,2247
ELMA,1,5671
ELMA,2,13747
ELMA,3,15330
ELMA,4,17983
ELMA,5,18582
ELMA,6,17556
ELMA,7,17514
ELMA,8,16772
ELMA,9,15771
ELMA,10,10278
ELMA,11,7473
ELMO,0,1337
ELMO,1,2354
ELMO,2,5112
ELMO,3,5633
ELMO,4,8063
ELMO,5,9899
ELMO,6,10073
ELMO,7,7441
ELMO,8,6523
ELMO,9,6119
ELMO,10,3614
ELMO,11,2699
FOUN,0,45
FOUN,1,341
FOUN,2,989
FOUN,3,995
FOUN,4,1476
FOUN,5,1561
FOUN,6,1494
FOUN,7,1017
FOUN,8,1290
FOUN,9,1010
FOUN,10,414
FOUN,11,431
GICL,0,536
GICL,1,3530
GICL,2,10118
GICL,3,8535
GICL,4,8047
GICL,5,7118
GICL,6,7128
GICL,7,4389
GICL,8,4874
GICL,9,5897
GICL,10,3953
GICL,11,2489
MAPR,0,405
MAPR,1,2690
MAPR,2,4930
MAPR,3,6889
MAPR,4,9358
MAPR,5,10875
MAPR,6,11624
MAPR,7,9473
MAPR,8,8055
MAPR,9,8416
MAPR,10,4766
MAPR,11,2389
PECO,0,112
PECO,1,1309
PECO,2,3503
PECO,3,4010
PECO,4,4861
PECO,5,5173
PECO,6,6017
PECO,7,4628
PECO,8,4539
PECO,9,4811
PECO,10,2380
PECO,11,2491
PETR,0,14959
PETR,1,18281
PETR,2,32242
PETR,3,32752
PETR,4,27970
PETR,5,26325
PETR,6,21602
PETR,7,19467
PETR,8,20587
PETR,9,36133
PETR,10,22300
PETR,11,21339
SAPU,0,419
SAPU,1,2032
SAPU,2,2569
SAPU,3,2850
SAPU,4,3707
SAPU,5,3428
SAPU,6,3050
SAPU,7,2907
SAPU,8,2599
SAPU,9,4092
SAPU,10,2144
SAPU,11,1875
WHSA,0,4693
WHSA,1,35531
WHSA,2,83712
WHSA,3,62811
WHSA,4,64344
WHSA,5,62127
WHSA,6,66363
WHSA,7,48510
WHSA,8,43009
WHSA,9,50053
WHSA,10,38575
WHSA,11,49057
AFBG,0,96
AFBG,1,1571
AFBG,2,1395
AFBG,3,5022
AFBG,4,5482
AFBG,5,4621
AFBG,6,5520
AFBG,7,4332
AFBG,8,4384
AFBG,9,8667
AFBG,10,2058
AFBG,11,4279
CACL,0,181143
CACL,1,193675
CACL,2,269440
CACL,3,412122
CACL,4,413828
CACL,5,468687
CACL,6,558814
CACL,7,550729
CACL,8,372332
CACL,9,375893
CACL,10,271108
CACL,11,293263
ELRO,0,88
ELRO,1,570
ELRO,2,1210
ELRO,3,2237
ELRO,4,4804
ELRO,5,6344
ELRO,6,6965
ELRO,7,6914
ELRO,8,7294
ELRO,9,8612
ELRO,10,1918
ELRO,11,674
FEHA,0,2720
FEHA,1,15121
FEHA,2,21239
FEHA,3,28577
FEHA,4,27693
FEHA,5,31307
FEHA,6,36042
FEHA,7,33851
FEHA,8,15888
FEHA,9,20505
FEHA,10,16351
FEHA,11,15555
FIIS,0,4163
FIIS,1,8406
FIIS,2,10772
FIIS,3,13027
FIIS,4,28430
FIIS,5,46572
FIIS,6,80760
FIIS,7,99007
FIIS,8,47798
FIIS,9,25520
FIIS,10,15552
FIIS,11,11304
FOST,0,1879
FOST,1,1262
FOST,2,2106
FOST,3,5425
FOST,4,7967
FOST,5,11884
FOST,6,34923
FOST,7,10613
FOST,8,10610
FOST,9,6425
FOST,10,2760
FOST,11,1558
GATE,0,504178
GATE,1,543132
GATE,2,653021
GATE,3,662417
GATE,4,818697
GATE,5,1055032
GATE,6,1223949
GATE,7,1085625
GATE,8,908313
GATE,9,733807
GATE,10,655858
GATE,11,561593
GEGR,0,611
GEGR,1,2870
GEGR,2,4590
GEGR,3,6421
GEGR,4,7422
GEGR,5,7737
GEGR,6,37438
GEGR,7,12219
GEGR,8,12421
GEGR,9,9190
GEGR,10,7033
GEGR,11,5900
GOIS,0,0
GOIS,1,40
GOIS,2,40
GOIS,3,35
GOIS,4,81095
GOIS,5,104916
GOIS,6,105625
GOIS,7,145081
GOIS,8,106971
GOIS,9,47190
GOIS,10,0
GOIS,11,0
HAGR,0,495
HAGR,1,3901
HAGR,2,5074
HAGR,3,5449
HAGR,4,4971
HAGR,5,6008
HAGR,6,7997
HAGR,7,8295
HAGR,8,4409
HAGR,9,5381
HAGR,10,10485
HAGR,11,8782
HOFR,0,780
HOFR,1,4732
HOFR,2,6914
HOFR,3,11968
HOFR,4,15976
HOFR,5,18420
HOFR,6,16516
HOFR,7,17913
HOFR,8,17791
HOFR,9,21164
HOFR,10,9760
HOFR,11,5175
MAVA,0,100
MAVA,1,150
MAVA,2,150
MAVA,3,474
MAVA,4,1555
MAVA,5,3535
MAVA,6,4472
MAVA,7,3896
MAVA,8,2433
MAVA,9,2689
MAVA,10,583
MAVA,11,586
SAHI,0,135
SAHI,1,1952
SAHI,2,1987
SAHI,3,3071
SAHI,4,4363
SAHI,5,3551
SAHI,6,5429
SAHI,7,4436
SAHI,8,4325
SAHI,9,4101
SAHI,10,1967
SAHI,11,1421
SAPA,0,160
SAPA,1,2025
SAPA,2,1975
SAPA,3,1160
SAPA,4,2365
SAPA,5,2170
SAPA,6,1320
SAPA,7,930
SAPA,8,910
SAPA,9,2777
SAPA,10,1465
SAPA,11,1280
SARA,0,3165
SARA,1,6036
SARA,2,6545
SARA,3,7100
SARA,4,11647
SARA,5,17898
SARA,6,35516
SARA,7,24443
SARA,8,10259
SARA,9,9764
SARA,10,6130
SARA,11,6615
STLI,0,155691
STLI,1,154755
STLI,2,279547
STLI,3,397540
STLI,4,421176
STLI,5,487809
STLI,6,567256
STLI,7,541258
STLI,8,359037
STLI,9,350174
STLI,10,253489
STLI,11,272729
STON,0,0
STON,1,0
STON,2,0
STON,3,0
STON,4,12118
STON,5,2023362
STON,6,18660
STON,7,24560
STON,8,5000
STON,9,5229
STON,10,0
STON,11,0
THRB,0,189
THRB,1,2013
THRB,2,2907
THRB,3,2393
THRB,4,2666
THRB,5,2330
THRB,6,2677
THRB,7,2702
THRB,8,1793
THRB,9,2282
THRB,10,1988
THRB,11,2038
THRI,0,1349
THRI,1,1304
THRI,2,1686
THRI,3,1879
THRI,4,2455
THRI,5,3089
THRI,6,3189
THRI,7,2803
THRI,8,2787
THRI,9,2190
THRI,10,1704
THRI,11,2559
UPDE,0,2463
UPDE,1,4254
UPDE,2,5224
UPDE,3,5705
UPDE,4,22313
UPDE,5,27979
UPDE,6,54306
UPDE,7,49557
UPDE,8,30406
UPDE,9,8998
UPDE,10,2003
UPDE,11,2329
VAMA,0,160
VAMA,1,22763
VAMA,2,24580
VAMA,3,27359
VAMA,4,37694
VAMA,5,30354
VAMA,6,36813
VAMA,7,37928
VAMA,8,32632
VAMA,9,43203
VAMA,10,20817
VAMA,11,12519
WORI,0,13
WORI,1,473
WORI,2,1759
WORI,3,1900
WORI,4,3458
WORI,5,5247
WORI,6,8863
WORI,7,5821
WORI,8,3935
WORI,9,4493
WORI,10,1551
WORI,11,1551
BLRI,0,346381
BLRI,1,472547
BLRI,2,702102
BLRI,3,1215176
BLRI,4,1505593
BLRI,5,1686773
BLRI,6,1706627
BLRI,7,1845584
BLRI,8,1712713
BLRI,9,1865647
BLRI,10,1245446
BLRI,11,671496
CAHA,0,72767
CAHA,1,72796
CAHA,2,135597
CAHA,3,205590
CAHA,4,263356
CAHA,5,384260
CAHA,6,438846
CAHA,7,398662
CAHA,8,242139
CAHA,9,188710
CAHA,10,122516
CAHA,11,81393
CALO,0,21586
CALO,1,15944
CALO,2,23471
CALO,3,65099
CALO,4,35635
CALO,5,47699
CALO,6,54214
CALO,7,59624
CALO,8,38323
CALO,9,41008
CALO,10,26383
CALO,11,26540
CARL,0,162
CARL,1,4617
CARL,2,12855
CARL,3,9824
CARL,4,8261
CARL,5,5983
CARL,6,7501
CARL,7,6488
CARL,8,6674
CARL,9,7283
CARL,10,4464
CARL,11,4032
FORA,0,5230
FORA,1,5324
FORA,2,9369
FORA,3,17688
FORA,4,31409
FORA,5,48014
FORA,6,43000
FORA,7,37729
FORA,8,18817
FORA,9,15208
FORA,10,9860
FORA,11,6491
GRSM,0,496743
GRSM,1,421770
GRSM,2,786305
GRSM,3,999259
GRSM,4,1096056
GRSM,5,1469857
GRSM,6,1613133
GRSM,7,1411231
GRSM,8,1273326
GRSM,9,1408013
GRSM,10,851419
GRSM,11,720631
GUCO,0,1938
GUCO,1,6354
GUCO,2,21320
GUCO,3,21987
GUCO,4,22593
GUCO,5,19264
GUCO,6,36241
GUCO,7,12592
GUCO,8,26027
GUCO,9,23178
GUCO,10,11346
GUCO,11,21060
MOCR,0,480
MOCR,1,10722
MOCR,2,5290
MOCR,3,6425
MOCR,4,6554
MOCR,5,9752
MOCR,6,8813
MOCR,7,5600
MOCR,8,4826
MOCR,9,7503
MOCR,10,5839
MOCR,11,5202
WRBR,0,1277
WRBR,1,7318
WRBR,2,22091
WRBR,3,44568
WRBR,4,48488
WRBR,5,57921
WRBR,6,68666
WRBR,7,63836
WRBR,8,27828
WRBR,9,30051
WRBR,10,16697
WRBR,11,11394
FOUS,0,34
FOUS,1,34
FOUS,2,196
FOUS,3,385
FOUS,4,2169
FOUS,5,3656
FOUS,6,2517
FOUS,7,1902
FOUS,8,1351
FOUS,9,462
FOUS,10,162
FOUS,11,99
KNRI,0,18
KNRI,1,24
KNRI,2,106
KNRI,3,256
KNRI,4,1312
KNRI,5,1998
KNRI,6,3030
KNRI,7,1853
KNRI,8,1196
KNRI,9,364
KNRI,10,141
KNRI,11,56
THRO,0,2515
THRO,1,1187
THRO,2,5935
THRO,3,10516
THRO,4,75682
THRO,5,134590
THRO,6,149425
THRO,7,135584
THRO,8,110576
THRO,9,46043
THRO,10,17086
THRO,11,2519
CHYO,0,122
CHYO,1,815
CHYO,2,1100
CHYO,3,820
CHYO,4,1460
CHYO,5,1550
CHYO,6,1379
CHYO,7,2429
CHYO,8,2745
CHYO,9,378
CHYO,10,766
CHYO,11,542
CUVA,0,88020
CUVA,1,82061
CUVA,2,126521
CUVA,3,177318
CUVA,4,225949
CUVA,5,284079
CUVA,6,284928
CUVA,7,285616
CUVA,8,226681
CUVA,9,203708
CUVA,10,142329
CUVA,11,110787
DAAV,0,677
DAAV,1,2144
DAAV,2,4932
DAAV,3,9485
DAAV,4,13570
DAAV,5,10795
DAAV,6,11572
DAAV,7,7967
DAAV,8,8331
DAAV,9,7970
DAAV,10,5374
DAAV,11,11892
FILA,0,110
FILA,1,175
FILA,2,257
FILA,3,284
FILA,4,1195
FILA,5,1590
FILA,6,1470
FILA,7,1290
FILA,8,970
FILA,9,896
FILA,10,908
FILA,11,1768
HOCU,0,1226
HOCU,1,1627
HOCU,2,3838
HOCU,3,4062
HOCU,4,6477
HOCU,5,7976
HOCU,6,8956
HOCU,7,9816
HOCU,8,6548
HOCU,9,5581
HOCU,10,2592
HOCU,11,1639
JAGA,0,50
JAGA,1,2628
JAGA,2,1902
JAGA,3,4697
JAGA,4,4701
JAGA,5,5176
JAGA,6,6910
JAGA,7,4520
JAGA,8,3495
JAGA,9,3833
JAGA,10,2073
JAGA,11,1320
PEVI,0,696
PEVI,1,666
PEVI,2,938
PEVI,3,1374
PEVI,4,9423
PEVI,5,26722
PEVI,6,25719
PEVI,7,31540
PEVI,8,16910
PEVI,9,4789
PEVI,10,1290
PEVI,11,1258
WIHO,0,86
WIHO,1,1199
WIHO,2,2148
WIHO,3,2509
WIHO,4,3420
WIHO,5,4296
WIHO,6,4919
WIHO,7,3726
WIHO,8,3205
WIHO,9,2897
WIHO,10,2018
WIHO,11,1973
CHIC,0,46767
CHIC,1,63363
CHIC,2,85970
CHIC,3,95164
CHIC,4,164229
CHIC,5,217020
CHIC,6,230406
CHIC,7,211904
CHIC,8,134817
CHIC,9,63284
CHIC,10,53306
CHIC,11,56382
FOSM,0,4466
FOSM,1,6794
FOSM,2,9386
FOSM,3,10101
FOSM,4,12288
FOSM,5,9941
FOSM,6,18522
FOSM,7,10692
FOSM,8,20064
FOSM,9,11030
FOSM,10,7169
FOSM,11,5047
WABA,0,286
WABA,1,391
WABA,2,1071
WABA,3,895
WABA,4,808
WABA,5,1138
WABA,6,1049
WABA,7,753
WABA,8,663
WABA,9,875
WABA,10,779
WABA,11,411
CRLA,0,3120
CRLA,1,2436
CRLA,2,4800
CRLA,3,15898
CRLA,4,44808
CRLA,5,103442
CRLA,6,201191
CRLA,7,163472
CRLA,8,98266
CRLA,9,41635
CRLA,10,16843
CRLA,11,8601
JODA,0,1627
JODA,1,1310
JODA,2,7340
JODA,3,14239
JODA,4,23956
JODA,5,25798
JODA,6,36000
JODA,7,33506
JODA,8,24326
JODA,9,13350
JODA,10,7980
JODA,11,7659
LEWI,0,10818
LEWI,1,7841
LEWI,2,19314
LEWI,3,19503
LEWI,4,25824
LEWI,5,37895
LEWI,6,42651
LEWI,7,40982
LEWI,8,21485
LEWI,9,22874
LEWI,10,13438
LEWI,11,8368
NEPE,0,6170
NEPE,1,12537
NEPE,2,6020
NEPE,3,14958
NEPE,4,20960
NEPE,5,20787
NEPE,6,24610
NEPE,7,24426
NEPE,8,24890
NEPE,9,19582
NEPE,10,19214
NEPE,11,21914
ORCA,0,567
ORCA,1,945
ORCA,2,2975
ORCA,3,3838
ORCA,4,8388
ORCA,5,8077
ORCA,6,9729
ORCA,7,8566
ORCA,8,5464
ORCA,9,10344
ORCA,10,3885
ORCA,11,2228
ALPO,0,9975
ALPO,1,8874
ALPO,2,11908
ALPO,3,16847
ALPO,4,16008
ALPO,5,19590
ALPO,6,23073
ALPO,7,20404
ALPO,8,19387
ALPO,9,18642
ALPO,10,13453
ALPO,11,11028
DEWA,0,130962
DEWA,1,156297
DEWA,2,146048
DEWA,3,249160
DEWA,4,336632
DEWA,5,355136
DEWA,6,510552
DEWA,7,434019
DEWA,8,328025
DEWA,9,301758
DEWA,10,254518
DEWA,11,171758
EDAL,0,162
EDAL,1,957
EDAL,2,1566
EDAL,3,1406
EDAL,4,1446
EDAL,5,1461
EDAL,6,1608
EDAL,7,1665
EDAL,8,1224
EDAL,9,1565
EDAL,10,1574
EDAL,11,893
EISE,0,0
EISE,1,250
EISE,2,1262
EISE,3,3957
EISE,4,5235
EISE,5,6942
EISE,6,6542
EISE,7,5718
EISE,8,8362
EISE,9,5435
EISE,10,1833
EISE,11,1741
FLNI,0,3070
FLNI,1,6837
FLNI,2,17606
FLNI,3,27680
FLNI,4,45431
FLNI,5,45987
FLNI,6,56264
FLNI,7,51672
FLNI,8,61091
FLNI,9,62387
FLNI,10,24130
FLNI,11,9071
FONE,0,1607
FONE,1,2268
FONE,2,4321
FONE,3,7607
FONE,4,39548
FONE,5,46160
FONE,6,54756
FONE,7,52716
FONE,8,32082
FONE,9,34186
FONE,10,25101
FONE,11,11752
FRHI,0,524
FRHI,1,690
FRHI,2,1240
FRHI,3,1338
FRHI,4,2981
FRHI,5,2768
FRHI,6,3167
FRHI,7,2541
FRHI,8,14335
FRHI,9,2348
FRHI,10,1355
FRHI,11,872
GETT,0,13512
GETT,1,19119
GETT,2,57132
GETT,3,101306
GETT,4,145028
GETT,5,128930
GETT,6,118230
GETT,7,93228
GETT,8,82542
GETT,9,100427
GETT,10,46198
GETT,11,19465
HOFU,0,311
HOFU,1,2098
HOFU,2,3472
HOFU,3,4172
HOFU,4,4958
HOFU,5,5781
HOFU,6,6618
HOFU,7,7319
HOFU,8,7338
HOFU,9,3694
HOFU,10,2948
HOFU,11,1152
INDE,0,59682
INDE,1,179578
INDE,2,309348
INDE,3,455740
INDE,4,548136
INDE,5,574706
INDE,6,553191
INDE,7,473898
INDE,8,409902
INDE,9,362563
INDE,10,336151
INDE,11,269564
JOFL,0,7
JOFL,1,2482
JOFL,2,5484
JOFL,3,13921
JOFL,4,25716
JOFL,5,13573
JOFL,6,24461
JOFL,7,29160
JOFL,8,24844
JOFL,9,24470
JOFL,10,12444
JOFL,11,6581
STEA,0,1091
STEA,1,2950
STEA,2,4542
STEA,3,7264
STEA,4,10066
STEA,5,13036
STEA,6,15712
STEA,7,16327
STEA,8,11206
STEA,9,10454
STEA,10,7493
STEA,11,5262
THKO,0,0
THKO,1,0
THKO,2,0
THKO,3,0
THKO,4,309
THKO,5,266
THKO,6,339
THKO,7,368
THKO,8,322
THKO,9,317
THKO,10,0
THKO,11,0
UPDE,0,2463
UPDE,1,4254
UPDE,2,5224
UPDE,3,5705
UPDE,4,22313
UPDE,5,27979
UPDE,6,54306
UPDE,7,49557
UPDE,8,30406
UPDE,9,8998
UPDE,10,2003
UPDE,11,2329
VAFO,0,30701
VAFO,1,55154
VAFO,2,168632
VAFO,3,159434
VAFO,4,190681
VAFO,5,218531
VAFO,6,346020
VAFO,7,355046
VAFO,8,232761
VAFO,9,247953
VAFO,10,149850
VAFO,11,105181
ROWI,0,116
ROWI,1,1634
ROWI,2,2206
ROWI,3,4717
ROWI,4,5156
ROWI,5,8622
ROWI,6,9211
ROWI,7,8918
ROWI,8,6317
ROWI,9,7254
ROWI,10,3522
ROWI,11,1746
CHPI,0,79
CHPI,1,5670
CHPI,2,3950
CHPI,3,3294
CHPI,4,3129
CHPI,5,3102
CHPI,6,3483
CHPI,7,2484
CHPI,8,3127
CHPI,9,2981
CHPI,10,2457
CHPI,11,1739
CONG,0,7000
CONG,1,10910
CONG,2,17121
CONG,3,15408
CONG,4,28786
CONG,5,13282
CONG,6,10936
CONG,7,11028
CONG,8,8312
CONG,9,13902
CONG,10,11765
CONG,11,10995
COWP,0,2041
COWP,1,19021
COWP,2,21798
COWP,3,17586
COWP,4,19428
COWP,5,21960
COWP,6,20946
COWP,7,38556
COWP,8,17157
COWP,9,18194
COWP,10,14719
COWP,11,12007
FOSU,0,39481
FOSU,1,51578
FOSU,2,83927
FOSU,3,105391
FOSU,4,82685
FOSU,5,100365
FOSU,6,118077
FOSU,7,91702
FOSU,8,36802
FOSU,9,64850
FOSU,10,52629
FOSU,11,50407
KIMO,0,7960
KIMO,1,17326
KIMO,2,22175
KIMO,3,24931
KIMO,4,28274
KIMO,5,23838
KIMO,6,26436
KIMO,7,26317
KIMO,8,27847
KIMO,9,19160
KIMO,10,23393
KIMO,11,14374
NISI,0,4278
NISI,1,4672
NISI,2,8167
NISI,3,11488
NISI,4,10806
NISI,5,8717
NISI,6,8132
NISI,7,9216
NISI,8,8751
NISI,9,9145
NISI,10,7797
NISI,11,6126
BADL,0,8981
BADL,1,8059
BADL,2,16517
BADL,3,25083
BADL,4,71885
BADL,5,201516
BADL,6,250898
BADL,7,207743
BADL,8,118262
BADL,9,37727
BADL,10,15450
BADL,11,8877
JECA,0,12
JECA,1,143
JECA,2,2057
JECA,3,2811
JECA,4,8674
JECA,5,29473
JECA,6,47830
JECA,7,18656
JECA,8,10057
JECA,9,2845
JECA,10,832
JECA,11,99
MIMI,0,32
MIMI,1,299
MIMI,2,1062
MIMI,3,3084
MIMI,4,8182
MIMI,5,18422
MIMI,6,36912
MIMI,7,25404
MIMI,8,21657
MIMI,9,8992
MIMI,10,974
MIMI,11,756
MNRR,0,3772
MNRR,1,4269
MNRR,2,5276
MNRR,3,11933
MNRR,4,10764
MNRR,5,13746
MNRR,6,12084
MNRR,7,12303
MNRR,8,29816
MNRR,9,11367
MNRR,10,7608
MNRR,11,6342
MORU,0,19351
MORU,1,17547
MORU,2,34485
MORU,3,46477
MORU,4,146918
MORU,5,379108
MORU,6,522324
MORU,7,414171
MORU,8,265281
MORU,9,77952
MORU,10,22084
MORU,11,17842
WICA,0,11431
WICA,1,14127
WICA,2,21375
WICA,3,54922
WICA,4,48780
WICA,5,125106
WICA,6,146531
WICA,7,92237
WICA,8,55196
WICA,9,23537
WICA,10,10950
WICA,11,11158
ANJO,0,2659
ANJO,1,3506
ANJO,2,3705
ANJO,3,4190
ANJO,4,6347
ANJO,5,5590
ANJO,6,5583
ANJO,7,4353
ANJO,8,3775
ANJO,9,4227
ANJO,10,3199
ANJO,11,4055
BISO,0,34256
BISO,1,42159
BISO,2,41577
BISO,3,61262
BISO,4,95441
BISO,5,87592
BISO,6,66724
BISO,7,72051
BISO,8,80407
BISO,9,75688
BISO,10,55058
BISO,11,38279
CHCH,0,51862
CHCH,1,62526
CHCH,2,89200
CHCH,3,88562
CHCH,4,93698
CHCH,5,93095
CHCH,6,97942
CHCH,7,87375
CHCH,8,87183
CHCH,9,75900
CHCH,10,78218
CHCH,11,71597
CUGA,0,164
CUGA,1,31274
CUGA,2,53292
CUGA,3,77489
CUGA,4,68678
CUGA,5,72887
CUGA,6,85082
CUGA,7,77974
CUGA,8,68560
CUGA,9,75831
CUGA,10,57344
CUGA,11,36023
FODO,0,15764
FODO,1,12730
FODO,2,18481
FODO,3,27779
FODO,4,34989
FODO,5,33207
FODO,6,17142
FODO,7,22746
FODO,8,25134
FODO,9,19006
FODO,10,14153
FODO,11,13300
GRSM,0,496743
GRSM,1,421770
GRSM,2,786305
GRSM,3,999259
GRSM,4,1096056
GRSM,5,1469857
GRSM,6,1613133
GRSM,7,1411231
GRSM,8,1273326
GRSM,9,1408013
GRSM,10,851419
GRSM,11,720631
MAPR,0,405
MAPR,1,2690
MAPR,2,4930
MAPR,3,6889
MAPR,4,9358
MAPR,5,10875
MAPR,6,11624
MAPR,7,9473
MAPR,8,8055
MAPR,9,8416
MAPR,10,4766
MAPR,11,2389
NATR,0,485642
NATR,1,472579
NATR,2,550701
NATR,3,560343
NATR,4,540971
NATR,5,562198
NATR,6,578598
NATR,7,536957
NATR,8,562171
NATR,9,518106
NATR,10,469752
NATR,11,458023
OBRI,0,10598
OBRI,1,13220
OBRI,2,21119
OBRI,3,18597
OBRI,4,18799
OBRI,5,21395
OBRI,6,24113
OBRI,7,24090
OBRI,8,16830
OBRI,9,15828
OBRI,10,18330
OBRI,11,18382
SHIL,0,20632
SHIL,1,21315
SHIL,2,29570
SHIL,3,42490
SHIL,4,26862
SHIL,5,36093
SHIL,6,40073
SHIL,7,31208
SHIL,8,25924
SHIL,9,28329
SHIL,10,37451
SHIL,11,21042
STRI,0,5865
STRI,1,16279
STRI,2,23348
STRI,3,30843
STRI,4,24830
STRI,5,27984
STRI,6,27007
STRI,7,29132
STRI,8,27172
STRI,9,34706
STRI,10,21261
STRI,11,16089
ALFL,0,42
ALFL,1,272
ALFL,2,806
ALFL,3,1140
ALFL,4,1054
ALFL,5,1074
ALFL,6,1030
ALFL,7,534
ALFL,8,965
ALFL,9,1052
ALFL,10,601
ALFL,11,277
AMIS,0,64128
AMIS,1,70392
AMIS,2,73512
AMIS,3,132270
AMIS,4,133542
AMIS,5,110780
AMIS,6,145472
AMIS,7,123571
AMIS,8,94169
AMIS,9,131963
AMIS,10,88876
AMIS,11,99225
BIBE,0,29318
BIBE,1,43129
BIBE,2,83826
BIBE,3,49312
BIBE,4,37411
BIBE,5,21228
BIBE,6,21747
BIBE,7,17238
BIBE,8,21246
BIBE,9,42724
BIBE,10,50688
BIBE,11,45965
BITH,0,9372
BITH,1,14046
BITH,2,14859
BITH,3,23174
BITH,4,28055
BITH,5,22177
BITH,6,22504
BITH,7,26920
BITH,8,28408
BITH,9,23715
BITH,10,25929
BITH,11,16767
CHAM,0,639
CHAM,1,2938
CHAM,2,1794
CHAM,3,9271
CHAM,4,3448
CHAM,5,3394
CHAM,6,1546
CHAM,7,2049
CHAM,8,3690
CHAM,9,4992
CHAM,10,2458
CHAM,11,2009
FODA,0,356
FODA,1,3664
FODA,2,9547
FODA,3,5276
FODA,4,4598
FODA,5,4138
FODA,6,4506
FODA,7,2903
FODA,8,3456
FODA,9,4856
FODA,10,4763
FODA,11,3932
GUMO,0,1049
GUMO,1,9462
GUMO,2,27831
GUMO,3,20970
GUMO,4,25204
GUMO,5,14376
GUMO,6,13540
GUMO,7,10532
GUMO,8,12157
GUMO,9,23513
GUMO,10,15161
GUMO,11,15038
LAMR,0,58612
LAMR,1,84646
LAMR,2,84569
LAMR,3,81242
LAMR,4,113234
LAMR,5,250368
LAMR,6,201896
LAMR,7,178391
LAMR,8,96336
LAMR,9,74047
LAMR,10,52311
LAMR,11,52688
LYJO,0,922
LYJO,1,9290
LYJO,2,18351
LYJO,3,15338
LYJO,4,9202
LYJO,5,9597
LYJO,6,9905
LYJO,7,5462
LYJO,8,5544
LYJO,9,8675
LYJO,10,9205
LYJO,11,10481
PAAL,0,10804
PAAL,1,10433
PAAL,2,16744
PAAL,3,6538
PAAL,4,9254
PAAL,5,27911
PAAL,6,26494
PAAL,7,8856
PAAL,8,8612
PAAL,9,10042
PAAL,10,8134
PAAL,11,5911
PAIS,0,23234
PAIS,1,31502
PAIS,2,45111
PAIS,3,55392
PAIS,4,54426
PAIS,5,78287
PAIS,6,90626
PAIS,7,64235
PAIS,8,36250
PAIS,9,37707
PAIS,10,26445
PAIS,11,33084
RIGR,0,6
RIGR,1,54
RIGR,2,194
RIGR,3,7
RIGR,4,0
RIGR,5,0
RIGR,6,0
RIGR,7,3
RIGR,8,34
RIGR,9,10
RIGR,10,14
RIGR,11,2
SAAN,0,98469
SAAN,1,92155
SAAN,2,131454
SAAN,3,106123
SAAN,4,73066
SAAN,5,156241
SAAN,6,78215
SAAN,7,141464
SAAN,8,106664
SAAN,9,108959
SAAN,10,88251
SAAN,11,100060
WACO,0,4845
WACO,1,6623
WACO,2,19524
WACO,3,9966
WACO,4,12217
WACO,5,12717
WACO,6,11247
WACO,7,6120
WACO,8,5025
WACO,9,9075
WACO,10,7076
WACO,11,6896
ARCH,0,21499
ARCH,1,30239
ARCH,2,132191
ARCH,3,168788
ARCH,4,217474
ARCH,5,225206
ARCH,6,208993
ARCH,7,184890
ARCH,8,207857
ARCH,9,149764
ARCH,10,73420
ARCH,11,39381
BRCA,0,36860
BRCA,1,29813
BRCA,2,75853
BRCA,3,207061
BRCA,4,327975
BRCA,5,398290
BRCA,6,401970
BRCA,7,383458
BRCA,8,392428
BRCA,9,232094
BRCA,10,65748
BRCA,11,43354
CANY,0,7146
CANY,1,9705
CANY,2,60792
CANY,3,89861
CANY,4,114464
CANY,5,92295
CANY,6,64672
CANY,7,69297
CANY,8,97817
CANY,9,82642
CANY,10,31582
CANY,11,13723
CARE,0,11893
CARE,1,12368
CARE,2,73416
CARE,3,147156
CARE,4,196840
CARE,5,151410
CARE,6,129372
CARE,7,127341
CARE,8,170057
CARE,9,146664
CARE,10,42859
CARE,11,17143
CEBR,0,15235
CEBR,1,4167
CEBR,2,1948
CEBR,3,7870
CEBR,4,20813
CEBR,5,79434
CEBR,6,134469
CEBR,7,116109
CEBR,8,98651
CEBR,9,70311
CEBR,10,21712
CEBR,11,9142
DINO,0,1137
DINO,1,3189
DINO,2,5603
DINO,3,18794
DINO,4,36588
DINO,5,57804
DINO,6,62538
DINO,7,52365
DINO,8,29562
DINO,9,18868
DINO,10,7814
DINO,11,4703
GLCA,0,93477
GLCA,1,85411
GLCA,2,198242
GLCA,3,409809
GLCA,4,485027
GLCA,5,739411
GLCA,6,794257
GLCA,7,581598
GLCA,8,303009
GLCA,9,361918
GLCA,10,179137
GLCA,11,99267
GOSP,0,352
GOSP,1,1047
GOSP,2,3190
GOSP,3,10278
GOSP,4,49540
GOSP,5,11412
GOSP,6,11624
GOSP,7,7824
GOSP,8,6388
GOSP,9,3551
GOSP,10,1630
GOSP,11,1318
HOVE,0,572
HOVE,1,615
HOVE,2,2119
HOVE,3,3961
HOVE,4,5674
HOVE,5,4976
HOVE,6,4644
HOVE,7,1815
HOVE,8,5149
HOVE,9,3976
HOVE,10,1156
HOVE,11,742
NABR,0,1051
NABR,1,895
NABR,2,5151
NABR,3,12159
NABR,4,16264
NABR,5,10677
NABR,6,7389
NABR,7,6673
NABR,8,12623
NABR,9,11138
NABR,10,3117
NABR,11,953
RABR,0,0
RABR,1,99
RABR,2,3945
RABR,3,7920
RABR,4,7920
RABR,5,18994
RABR,6,32104
RABR,7,19134
RABR,8,16394
RABR,9,7300
RABR,10,1253
RABR,11,45
TICA,0,430
TICA,1,455
TICA,2,869
TICA,3,2787
TICA,4,4543
TICA,5,15220
TICA,6,28600
TICA,7,22965
TICA,8,17815
TICA,9,8083
TICA,10,834
TICA,11,911
ZION,0,98828
ZION,1,102269
ZION,2,296316
ZION,3,372349
ZION,4,529553
ZION,5,594896
ZION,6,629802
ZION,7,535322
ZION,8,497443
ZION,9,429604
ZION,10,230180
ZION,11,171706
MABI,0,1356
MABI,1,1604
MABI,2,1748
MABI,3,1489
MABI,4,3275
MABI,5,5663
MABI,6,6661
MABI,7,7104
MABI,8,6076
MABI,9,7341
MABI,10,2092
MABI,11,1570
APCO,0,116
APCO,1,2284
APCO,2,5725
APCO,3,14285
APCO,4,13468
APCO,5,14108
APCO,6,14600
APCO,7,10358
APCO,8,10634
APCO,9,8820
APCO,10,4811
APCO,11,3188
ARHO,0,0
ARHO,1,0
ARHO,2,0
ARHO,3,0
ARHO,4,0
ARHO,5,0
ARHO,6,0
ARHO,7,0
ARHO,8,0
ARHO,9,0
ARHO,10,0
ARHO,11,0
ASIS,0,64032
ASIS,1,43977
ASIS,2,74089
ASIS,3,153044
ASIS,4,199049
ASIS,5,312094
ASIS,6,502416
ASIS,7,453668
ASIS,8,274394
ASIS,9,144479
ASIS,10,76779
ASIS,11,46515
BLRI,0,346381
BLRI,1,472547
BLRI,2,702102
BLRI,3,1215176
BLRI,4,1505593
BLRI,5,1686773
BLRI,6,1706627
BLRI,7,1845584
BLRI,8,1712713
BLRI,9,1865647
BLRI,10,1245446
BLRI,11,671496
BOWA,0,85
BOWA,1,1316
BOWA,2,1808
BOWA,3,2399
BOWA,4,2034
BOWA,5,3380
BOWA,6,2917
BOWA,7,2589
BOWA,8,1438
BOWA,9,3111
BOWA,10,1485
BOWA,11,2078
CHOH,0,199712
CHOH,1,200441
CHOH,2,287249
CHOH,3,425458
CHOH,4,512921
CHOH,5,704171
CHOH,6,622845
CHOH,7,569556
CHOH,8,574676
CHOH,9,426628
CHOH,10,358222
CHOH,11,234908
COLO,0,136446
COLO,1,107039
COLO,2,285752
COLO,3,340954
COLO,4,328825
COLO,5,365948
COLO,6,389391
COLO,7,361274
COLO,8,321973
COLO,9,322718
COLO,10,193094
COLO,11,173854
CUGA,0,164
CUGA,1,31274
CUGA,2,53292
CUGA,3,77489
CUGA,4,68678
CUGA,5,72887
CUGA,6,85082
CUGA,7,77974
CUGA,8,68560
CUGA,9,75831
CUGA,10,57344
CUGA,11,36023
FRSP,0,62109
FRSP,1,58749
FRSP,2,69981
FRSP,3,80641
FRSP,4,91204
FRSP,5,79236
FRSP,6,89137
FRSP,7,82618
FRSP,8,74598
FRSP,9,77453
FRSP,10,74362
FRSP,11,66712
GEWA,0,88
GEWA,1,1184
GEWA,2,6282
GEWA,3,17780
GEWA,4,16107
GEWA,5,17804
GEWA,6,21872
GEWA,7,15284
GEWA,8,10269
GEWA,9,25508
GEWA,10,5268
GEWA,11,2220
GWMP,0,181007
GWMP,1,308090
GWMP,2,526192
GWMP,3,764112
GWMP,4,805582
GWMP,5,733665
GWMP,6,888824
GWMP,7,864637
GWMP,8,690369
GWMP,9,643294
GWMP,10,621793
GWMP,11,459700
HAFE,0,161
HAFE,1,2824
HAFE,2,12869
HAFE,3,28319
HAFE,4,33285
HAFE,5,41471
HAFE,6,41765
HAFE,7,40321
HAFE,8,32330
HAFE,9,36137
HAFE,10,21958
HAFE,11,8137
MANA,0,2955
MANA,1,23241
MANA,2,35516
MANA,3,63988
MANA,4,47060
MANA,5,55288
MANA,6,52170
MANA,7,38681
MANA,8,72540
MANA,9,47330
MANA,10,39415
MANA,11,32243
MAWA,0,135
MAWA,1,917
MAWA,2,1080
MAWA,3,1246
MAWA,4,876
MAWA,5,825
MAWA,6,1001
MAWA,7,908
MAWA,8,416
MAWA,9,1135
MAWA,10,646
MAWA,11,417
PETE,0,9582
PETE,1,13288
PETE,2,25056
PETE,3,17743
PETE,4,21274
PETE,5,28860
PETE,6,24265
PETE,7,20797
PETE,8,20184
PETE,9,22672
PETE,10,16718
PETE,11,15252
PRWI,0,10172
PRWI,1,13515
PRWI,2,24339
PRWI,3,28683
PRWI,4,35606
PRWI,5,38491
PRWI,6,46993
PRWI,7,33056
PRWI,8,34992
PRWI,9,33554
PRWI,10,24402
PRWI,11,15890
RICH,0,10099
RICH,1,12905
RICH,2,14733
RICH,3,18381
RICH,4,18529
RICH,5,21371
RICH,6,20415
RICH,7,20383
RICH,8,19541
RICH,9,16283
RICH,10,12129
RICH,11,12473
SHEN,0,20245
SHEN,1,10264
SHEN,2,38601
SHEN,3,102672
SHEN,4,150297
SHEN,5,170492
SHEN,6,167335
SHEN,7,195579
SHEN,8,176271
SHEN,9,236554
SHEN,10,127014
SHEN,11,30183
WOTR,0,560
WOTR,1,1314
WOTR,2,553
WOTR,3,910
WOTR,4,33445
WOTR,5,67886
WOTR,6,127291
WOTR,7,125568
WOTR,8,36991
WOTR,9,878
WOTR,10,893
WOTR,11,6291
BLUE,0,75
BLUE,1,84
BLUE,2,218
BLUE,3,375
BLUE,4,3800
BLUE,5,6659
BLUE,6,9530
BLUE,7,6939
BLUE,8,5299
BLUE,9,4684
BLUE,10,0
BLUE,11,0
CHOH,0,199712
CHOH,1,200441
CHOH,2,287249
CHOH,3,425458
CHOH,4,512921
CHOH,5,704171
CHOH,6,622845
CHOH,7,569556
CHOH,8,574676
CHOH,9,426628
CHOH,10,358222
CHOH,11,234908
GARI,0,1528
GARI,1,2908
GARI,2,6392
GARI,3,7318
GARI,4,10359
GARI,5,8152
GARI,6,12448
GARI,7,8402
GARI,8,37022
GARI,9,18160
GARI,10,4858
GARI,11,1735
HAFE,0,161
HAFE,1,2824
HAFE,2,12869
HAFE,3,28319
HAFE,4,33285
HAFE,5,41471
HAFE,6,41765
HAFE,7,40321
HAFE,8,32330
HAFE,9,36137
HAFE,10,21958
HAFE,11,8137
NERI,0,24106
NERI,1,28671
NERI,2,50675
NERI,3,95271
NERI,4,111068
NERI,5,177984
NERI,6,190138
NERI,7,157725
NERI,8,113614
NERI,9,158930
NERI,10,56165
NERI,11,31374
FOVA,0,51761
FOVA,1,58676
FOVA,2,55372
FOVA,3,66250
FOVA,4,98553
FOVA,5,116876
FOVA,6,132587
FOVA,7,124641
FOVA,8,96894
FOVA,9,85075
FOVA,10,56514
FOVA,11,75015
KLSE,0,610
KLSE,1,3900
KLSE,2,6831
KLSE,3,7029
KLSE,4,11330
KLSE,5,16219
KLSE,6,18563
KLSE,7,17510
KLSE,8,11467
KLSE,9,6621
KLSE,10,6049
KLSE,11,3670
LACH,0,847
LACH,1,805
LACH,2,1146
LACH,3,2107
LACH,4,3684
LACH,5,5055
LACH,6,7366
LACH,7,7001
LACH,8,5600
LACH,9,2926
LACH,10,1299
LACH,11,949
LARO,0,48961
LARO,1,48392
LARO,2,57391
LARO,3,69489
LARO,4,72258
LARO,5,204170
LARO,6,293703
LARO,7,280100
LARO,8,93586
LARO,9,78402
LARO,10,49674
LARO,11,62692
LEWI,0,10818
LEWI,1,7841
LEWI,2,19314
LEWI,3,19503
LEWI,4,25824
LEWI,5,37895
LEWI,6,42651
LEWI,7,40982
LEWI,8,21485
LEWI,9,22874
LEWI,10,13438
LEWI,11,8368
MAPR,0,405
MAPR,1,2690
MAPR,2,4930
MAPR,3,6889
MAPR,4,9358
MAPR,5,10875
MAPR,6,11624
MAPR,7,9473
MAPR,8,8055
MAPR,9,8416
MAPR,10,4766
MAPR,11,2389
MORA,0,12933
MORA,1,11743
MORA,2,32101
MORA,3,29632
MORA,4,106136
MORA,5,219641
MORA,6,365200
MORA,7,378305
MORA,8,184166
MORA,9,74355
MORA,10,48248
MORA,11,39161
NEPE,0,6170
NEPE,1,12537
NEPE,2,6020
NEPE,3,14958
NEPE,4,20960
NEPE,5,20787
NEPE,6,24610
NEPE,7,24426
NEPE,8,24890
NEPE,9,19582
NEPE,10,19214
NEPE,11,21914
NOCA,0,9
NOCA,1,0
NOCA,2,26
NOCA,3,44
NOCA,4,1241
NOCA,5,4520
NOCA,6,10656
NOCA,7,12576
NOCA,8,8581
NOCA,9,373
NOCA,10,101
NOCA,11,81
OLYM,0,72725
OLYM,1,73756
OLYM,2,113720
OLYM,3,159983
OLYM,4,307426
OLYM,5,499728
OLYM,6,517058
OLYM,7,737996
OLYM,8,399907
OLYM,9,182944
OLYM,10,108204
OLYM,11,72359
ROLA,0,6300
ROLA,1,7010
ROLA,2,8326
ROLA,3,46236
ROLA,4,126804
ROLA,5,125822
ROLA,6,380438
ROLA,7,161783
ROLA,8,108316
ROLA,9,77083
ROLA,10,27716
ROLA,11,12694
SAJH,0,7223
SAJH,1,7026
SAJH,2,12773
SAJH,3,18772
SAJH,4,26002
SAJH,5,52473
SAJH,6,47112
SAJH,7,36769
SAJH,8,13536
SAJH,9,27989
SAJH,10,12982
SAJH,11,29850
WHMI,0,585
WHMI,1,956
WHMI,2,2746
WHMI,3,5203
WHMI,4,7617
WHMI,5,7270
WHMI,6,5696
WHMI,7,4917
WHMI,8,5395
WHMI,9,4440
WHMI,10,2324
WHMI,11,1332
BICA,0,5713
BICA,1,4082
BICA,2,7091
BICA,3,14104
BICA,4,26038
BICA,5,47620
BICA,6,41646
BICA,7,63717
BICA,8,23104
BICA,9,7016
BICA,10,4569
BICA,11,4959
DETO,0,2421
DETO,1,2066
DETO,2,4753
DETO,3,9686
DETO,4,33997
DETO,5,96663
DETO,6,113849
DETO,7,100207
DETO,8,62469
DETO,9,17290
DETO,10,4294
DETO,11,3090
FOBU,0,9
FOBU,1,44
FOBU,2,324
FOBU,3,567
FOBU,4,2186
FOBU,5,4053
FOBU,6,5052
FOBU,7,3744
FOBU,8,2936
FOBU,9,1291
FOBU,10,274
FOBU,11,74
FOLA,0,13
FOLA,1,605
FOLA,2,1078
FOLA,3,2260
FOLA,4,4878
FOLA,5,7898
FOLA,6,9450
FOLA,7,5950
FOLA,8,6355
FOLA,9,2942
FOLA,10,828
FOLA,11,635
GRTE,0,56635
GRTE,1,43913
GRTE,2,65864
GRTE,3,59105
GRTE,4,278529
GRTE,5,625441
GRTE,6,775788
GRTE,7,702022
GRTE,8,517265
GRTE,9,186487
GRTE,10,48132
GRTE,11,46433
JODR,0,2518
JODR,1,2518
JODR,2,2333
JODR,3,2623
JODR,4,99854
JODR,5,295038
JODR,6,373508
JODR,7,330191
JODR,8,231367
JODR,9,76465
JODR,10,5537
JODR,11,4714
YELL,0,33896
YELL,1,31650
YELL,2,28695
YELL,3,48150
YELL,4,434385
YELL,5,781853
YELL,6,936062
YELL,7,820006
YELL,8,693118
YELL,9,171339
YELL,10,15628
YELL,11,25506
APIS,0,0
APIS,1,4424
APIS,2,4602
APIS,3,4311
APIS,4,14080
APIS,5,31904
APIS,6,67657
APIS,7,64711
APIS,8,30468
APIS,9,14045
APIS,10,2537
APIS,11,1874
SACN,0,609
SACN,1,151
SACN,2,211
SACN,3,24746
SACN,4,84689
SACN,5,128517
SACN,6,159457
SACN,7,139884
SACN,8,81626
SACN,9,14345
SACN,10,3588
SACN,11,435
